Country,Price,Size,Status,Marketplace
Ariana,180000.0,68.0,A vendre,Jumia TN
Nabeul,650000.0,157.0,A vendre,Jumia TN
Ben arous,252000.0,180.0,A vendre,Jumia TN
Nabeul,170000.0,180.0,A vendre,Jumia TN
Banlieue Nord,350000.0,140.0,A vendre,Jumia TN
Sousse,800000.0,150.0,A vendre,Jumia TN
Ariana,210000.0,157.0,A vendre,Jumia TN
Ariana,543904.0,236.0,A vendre,Jumia TN
Ariana,160000.0,150.0,A vendre,Jumia TN
Ben arous,188000.0,106.0,A vendre,Jumia TN
Nabeul,345000.0,142.0,A vendre,Jumia TN
Sousse,950.0,160.0,A vendre,Jumia TN
Banlieue Nord,650000.0,1.0,A vendre,Jumia TN
Banlieue Nord,410000.0,165.0,A vendre,Jumia TN
Ariana,214550.0,123.0,A vendre,Jumia TN
Ariana,175000.0,75.0,A vendre,Jumia TN
Ben arous,160000.0,129.0,A vendre,Jumia TN
Sousse,270000.0,63.0,A vendre,Jumia TN
Ben arous,145000.0,100.0,A vendre,Jumia TN
Ben arous,80000.0,80.0,A vendre,Jumia TN
Banlieue Nord,235000.0,135.0,A vendre,Jumia TN
Banlieue Nord,450000.0,152.0,A vendre,Jumia TN
Banlieue Nord,950000.0,1.0,A vendre,Jumia TN
Banlieue Nord,1500000.0,1.0,A vendre,Jumia TN
Ariana,258000.0,99.0,A vendre,Jumia TN
Banlieue Nord,1500000.0,280.0,A vendre,Jumia TN
Ariana,257000.0,136.0,A vendre,Jumia TN
Nabeul,235000.0,1.0,A vendre,Jumia TN
Banlieue Nord,640000.0,1.0,A vendre,Jumia TN
Ariana,160000.0,150.0,A vendre,Jumia TN
Banlieue Nord,293000.0,93.0,A vendre,Jumia TN
Sousse,750.0,100.0,A vendre,Jumia TN
Sousse,230000.0,76.0,A vendre,Jumia TN
Ariana,195000.0,90.0,A vendre,Jumia TN
Ariana,180000.0,147.0,A vendre,Jumia TN
Nabeul,65000.0,80.0,A vendre,Jumia TN
Banlieue Nord,680000.0,270.0,A vendre,Jumia TN
Banlieue Nord,950000.0,314.0,A vendre,Jumia TN
Banlieue Nord,295000.0,1.0,A vendre,Jumia TN
Sousse,95000.0,120.0,A vendre,Jumia TN
Banlieue Nord,560000.0,116.0,A vendre,Jumia TN
Banlieue Nord,530000.0,1.0,A vendre,Jumia TN
Nabeul,55000.0,60.0,A vendre,Jumia TN
Banlieue Nord,980000.0,230.0,A vendre,Jumia TN
Ben arous,250000.0,158.0,A vendre,Jumia TN
Ariana,260000.0,130.0,A vendre,Jumia TN
Ariana,380000.0,134.0,A vendre,Jumia TN
Sousse,198000.0,124.0,A vendre,Jumia TN
Ariana,183000.0,147.0,A vendre,Jumia TN
Sousse,130000.0,65.0,A vendre,Jumia TN
Banlieue Nord,552000.0,230.0,A vendre,Jumia TN
Ariana,250000.0,104.0,A vendre,Jumia TN
Sousse,190000.0,116.0,A vendre,Jumia TN
Sousse,250000.0,158.0,A vendre,Jumia TN
Ben arous,130000.0,80.0,A vendre,Jumia TN
Nabeul,420000.0,120.0,A vendre,Jumia TN
Ben arous,252000.0,180.0,A vendre,Jumia TN
Ariana,175075.0,76.0,A vendre,Jumia TN
Banlieue Nord,480000.0,1.0,A vendre,Jumia TN
Banlieue Nord,580000.0,145.0,A vendre,Jumia TN
Banlieue Nord,500000.0,178.0,A vendre,Jumia TN
Ariana,300000.0,191.0,A vendre,Jumia TN
Ariana,419000.0,156.0,A vendre,Jumia TN
Banlieue Nord,450000.0,1.0,A vendre,Jumia TN
Ariana,89000.0,53.0,A vendre,Jumia TN
Ben arous,98000.0,90.0,A vendre,Jumia TN
Sousse,110000.0,87.0,A vendre,Jumia TN
Ariana,225000.0,105.0,A vendre,Jumia TN
Mahdia,395000.0,138.0,A vendre,Jumia TN
Sousse,225000.0,108.0,A vendre,Jumia TN
Ariana,387782.0,158.0,A vendre,Jumia TN
Banlieue Nord,435000.0,196.0,A vendre,Jumia TN
Ben arous,130000.0,104.0,A vendre,Jumia TN
Ariana,320000.0,124.0,A vendre,Jumia TN
Ariana,198170.0,111.0,A vendre,Jumia TN
Sousse,260000.0,137.0,A vendre,Jumia TN
Ariana,308000.0,145.0,A vendre,Jumia TN
Ariana,340500.0,159.0,A vendre,Jumia TN
Banlieue Nord,477000.0,1.0,A vendre,Jumia TN
Banlieue Nord,300.0,112.0,A vendre,Jumia TN
Nabeul,320000.0,149.0,A vendre,Jumia TN
Banlieue Nord,880000.0,271.0,A vendre,Jumia TN
Ariana,340000.0,145.0,A vendre,Jumia TN
Banlieue Nord,210000.0,69.0,A vendre,Jumia TN
Nabeul,158519.0,65.0,A vendre,Jumia TN
Banlieue Nord,180000.0,100.0,A vendre,Jumia TN
Ariana,250000.0,105.0,A vendre,Jumia TN
Ariana,108000.0,60.0,A vendre,Jumia TN
Banlieue Nord,3000.0,76.0,A vendre,Jumia TN
Banlieue Nord,400000.0,152.0,A vendre,Jumia TN
Ariana,250000.0,104.0,A vendre,Jumia TN
Nabeul,145000.0,90.0,A vendre,Jumia TN
Ariana,170000.0,147.0,A vendre,Jumia TN
Nabeul,350000.0,124.0,A vendre,Jumia TN
Ariana,175000.0,60.0,A vendre,Jumia TN
Banlieue Nord,420000.0,1.0,A vendre,Jumia TN
Ariana,260000.0,200.0,A vendre,Jumia TN
Ariana,850000.0,1.0,A vendre,Jumia TN
Banlieue Nord,390000.0,1.0,A vendre,Jumia TN
Banlieue Nord,385000.0,145.0,A vendre,Jumia TN
Banlieue Nord,340000.0,180.0,A vendre,Jumia TN
Ariana,159000.0,70.0,A vendre,Jumia TN
Banlieue Nord,800000.0,272.0,A vendre,Jumia TN
Sousse,340000.0,230.0,A vendre,Jumia TN
Sousse,270000.0,128.0,A vendre,Jumia TN
Banlieue Nord,810000.0,148.0,A vendre,Jumia TN
Banlieue Nord,413000.0,153.0,A vendre,Jumia TN
Ben arous,150000.0,117.0,A vendre,Jumia TN
Banlieue Nord,240000.0,85.0,A vendre,Jumia TN
Ariana,260000.0,122.0,A vendre,Jumia TN
Banlieue Nord,1050000.0,400.0,A vendre,Jumia TN
Bizerte,230000.0,121.0,A vendre,Jumia TN
Banlieue Nord,850000.0,1.0,A vendre,Jumia TN
Banlieue Nord,580000.0,1.0,A vendre,Jumia TN
Banlieue Nord,2500.0,235.0,A vendre,Jumia TN
Ben arous,160000.0,103.0,A vendre,Jumia TN
Ariana,275000.0,136.0,A vendre,Jumia TN
Ariana,190000.0,112.0,A vendre,Jumia TN
Banlieue Nord,850000.0,1.0,A vendre,Jumia TN
Ariana,183000.0,147.0,A vendre,Jumia TN
Banlieue Nord,770000.0,1.0,A vendre,Jumia TN
Banlieue Nord,395000.0,138.0,A vendre,Jumia TN
Banlieue Nord,435000.0,162.0,A vendre,Jumia TN
Sousse,350000.0,250.0,A vendre,Jumia TN
Ariana,335000.0,140.0,A vendre,Jumia TN
Sousse,280000.0,220.0,A vendre,Jumia TN
Banlieue Nord,330000.0,1.0,A vendre,Jumia TN
Nabeul,380000.0,107.0,A vendre,Jumia TN
Nabeul,240000.0,157.0,A vendre,Jumia TN
Ariana,328960.0,132.0,A vendre,Jumia TN
Banlieue Nord,450000.0,159.0,A vendre,Jumia TN
Ariana,288418.0,125.0,A vendre,Jumia TN
Banlieue Nord,225000.0,110.0,A vendre,Jumia TN
Sousse,250000.0,180.0,A vendre,Jumia TN
Banlieue Nord,1050000.0,245.0,A vendre,Jumia TN
Sousse,195000.0,120.0,A vendre,Jumia TN
Ariana,315000.0,162.0,A vendre,Jumia TN
Sousse,520000.0,192.0,A vendre,Jumia TN
Banlieue Nord,230000.0,1.0,A vendre,Jumia TN
Banlieue Nord,580000.0,1.0,A vendre,Jumia TN
Banlieue Nord,501000.0,180.0,A vendre,Jumia TN
Ariana,272000.0,129.0,A vendre,Jumia TN
Mannouba,130000.0,105.0,A vendre,Jumia TN
Sousse,180000.0,76.0,A vendre,Jumia TN
Ariana,180000.0,147.0,A vendre,Jumia TN
Nabeul,130000.0,65.0,A vendre,Jumia TN
Sousse,280000.0,155.0,A vendre,Jumia TN
Mahdia,414500.0,145.0,A vendre,Jumia TN
Ariana,375000.0,156.0,A vendre,Jumia TN
Banlieue Nord,600000.0,1.0,A vendre,Jumia TN
Djerba,296000.0,150.0,A vendre,Jumia TN
Sousse,200000.0,115.0,A vendre,Jumia TN
Sousse,256000.0,160.0,A vendre,Jumia TN
Sousse,72000.0,50.0,A vendre,Jumia TN
Banlieue Nord,590000.0,200.0,A vendre,Jumia TN
Ben arous,180000.0,112.0,A vendre,Jumia TN
Sousse,225000.0,120.0,A vendre,Jumia TN
Banlieue Nord,495000.0,135.0,A vendre,Jumia TN
Ariana,85000.0,90.0,A vendre,Jumia TN
Banlieue Nord,115000.0,1.0,A vendre,Jumia TN
Nabeul,1300000.0,156.0,A vendre,Jumia TN
Ariana,350000.0,1.0,A vendre,Jumia TN
Banlieue Nord,350000.0,1.0,A vendre,Jumia TN
Ben arous,133000.0,78.0,A vendre,Jumia TN
Ariana,199000.0,132.0,A vendre,Jumia TN
Nabeul,310000.0,100.0,A vendre,Jumia TN
Ariana,148400.0,106.0,A vendre,Jumia TN
Sousse,250000.0,142.0,A vendre,Jumia TN
Banlieue Nord,250000.0,168.0,A vendre,Jumia TN
Banlieue Nord,293000.0,73.0,A vendre,Jumia TN
Banlieue Nord,190000.0,76.0,A vendre,Jumia TN
Banlieue Nord,240000.0,100.0,A vendre,Jumia TN
Banlieue Nord,210000.0,1.0,A vendre,Jumia TN
Banlieue Nord,340000.0,1.0,A vendre,Jumia TN
Banlieue Nord,650000.0,200.0,A vendre,Jumia TN
Nabeul,110000.0,157.36478304742684,À Vendre,Tayara TN
Banlieue Nord,335000.0,1.0,A vendre,Jumia TN
Banlieue Nord,412000.0,157.36478304742684,À Vendre,Tayara TN
Sousse,105000.0,24.0,A vendre,Jumia TN
Banlieue Nord,222000.0,73.0,A vendre,Jumia TN
Nabeul,82000.0,40.0,A vendre,Jumia TN
Ariana,358000.0,170.0,A vendre,Jumia TN
Djerba,128400.0,130.0,A vendre,Jumia TN
Nabeul,240000.0,150.0,A vendre,Jumia TN
Banlieue Nord,270000.0,1.0,A vendre,Jumia TN
Sousse,255000.0,51.0,A vendre,Jumia TN
Banlieue Nord,250000.0,101.0,A vendre,Jumia TN
Banlieue Nord,240000.0,130.0,A vendre,Jumia TN
Nabeul,300000.0,153.0,A vendre,Jumia TN
Nabeul,130000.0,157.36478304742684,À Vendre,Tayara TN
Nabeul,135000.0,157.36478304742684,À Vendre,Tayara TN
Banlieue Nord,270000.0,190.0,A vendre,Jumia TN
Nabeul,110000.0,157.36478304742684,À Vendre,Tayara TN
Banlieue Nord,950000.0,400.0,A vendre,Jumia TN
Kairouan,35000.0,157.36478304742684,À Vendre,Tayara TN
Banlieue Nord,670000.0,1.0,A vendre,Jumia TN
Sousse,168000.0,130.0,A vendre,Jumia TN
Banlieue Nord,330000.0,1.0,A vendre,Jumia TN
Banlieue Nord,850000.0,197.0,A vendre,Jumia TN
Sousse,155000.0,125.0,A vendre,Jumia TN
Nabeul,247215.0,106.0,A vendre,Jumia TN
Sousse,1100000.0,250.0,A vendre,Jumia TN
Ariana,385000.0,159.0,A vendre,Jumia TN
Banlieue Nord,178000.0,105.0,A vendre,Jumia TN
Banlieue Nord,345000.0,113.0,A vendre,Jumia TN
Sousse,140000.0,90.0,A vendre,Jumia TN
Sousse,130.0,157.36478304742684,À Vendre,Tayara TN
Ariana,250000.0,171.0,A vendre,Jumia TN
Ariana,352000.0,132.0,A vendre,Jumia TN
Banlieue Nord,150000.0,40.0,A vendre,Jumia TN
Banlieue Nord,250000.0,1.0,A vendre,Jumia TN
Ariana,4150000.0,250.0,A vendre,Jumia TN
Ariana,229000.0,122.0,A vendre,Jumia TN
Banlieue Nord,270000.0,135.0,A vendre,Jumia TN
Banlieue Nord,400000.0,152.0,A vendre,Jumia TN
Nabeul,240000.0,104.0,A vendre,Jumia TN
Sousse,155000.0,125.0,A vendre,Jumia TN
Banlieue Nord,326304.0,102.0,A vendre,Jumia TN
Banlieue Nord,270000.0,100.0,A vendre,Jumia TN
Nabeul,2500.0,196.0,A vendre,Jumia TN
Banlieue Nord,424160.0,153.0,A vendre,Jumia TN
Ariana,239750.0,138.0,A vendre,Jumia TN
Ariana,110000.0,39.0,A vendre,Jumia TN
Ariana,570000.0,1.0,A vendre,Jumia TN
Banlieue Nord,585000.0,1.0,A vendre,Jumia TN
Ben arous,145000.0,102.0,A vendre,Jumia TN
Sousse,330000.0,123.0,A vendre,Jumia TN
Ariana,439000.0,184.0,A vendre,Jumia TN
Sousse,370000.0,111.0,A vendre,Jumia TN
Banlieue Nord,410000.0,156.0,A vendre,Jumia TN
Ariana,223440.0,133.0,A vendre,Jumia TN
Nabeul,212000.0,106.0,A vendre,Jumia TN
Ariana,211190.0,121.0,A vendre,Jumia TN
Banlieue Nord,210000.0,1.0,A vendre,Jumia TN
Banlieue Nord,394872.0,144.0,A vendre,Jumia TN
Ben arous,160000.0,100.0,A vendre,Jumia TN
Nabeul,140000.0,80.0,A vendre,Jumia TN
Ben arous,135000.0,120.0,A vendre,Jumia TN
Sousse,250000.0,148.0,A vendre,Jumia TN
Banlieue Nord,297000.0,91.0,A vendre,Jumia TN
Sousse,167000.0,110.0,A vendre,Jumia TN
Ben arous,165000.0,100.0,A vendre,Jumia TN
Banlieue Nord,305000.0,1.0,A vendre,Jumia TN
Nabeul,97000.0,40.0,A vendre,Jumia TN
Ariana,210000.0,84.0,A vendre,Jumia TN
Nabeul,380000.0,157.0,A vendre,Jumia TN
Banlieue Nord,704000.0,258.0,A vendre,Jumia TN
Nabeul,650000.0,300.0,A vendre,Jumia TN
Sousse,310000.0,123.0,A vendre,Jumia TN
Nabeul,291500.0,157.36478304742684,À Vendre,Tayara TN
Ariana,260000.0,120.0,A vendre,Jumia TN
Sousse,167000.0,90.0,A vendre,Jumia TN
Sousse,141250.0,105.0,A vendre,Jumia TN
Ariana,181000.0,60.0,A vendre,Jumia TN
Sousse,495000.0,165.0,A vendre,Jumia TN
Sousse,420000.0,157.36478304742684,À Vendre,Tayara TN
Sousse,170000.0,70.0,A vendre,Jumia TN
Ariana,369760.0,176.0,A vendre,Jumia TN
Sousse,340000.0,110.0,A vendre,Jumia TN
Ariana,250000.0,171.0,A vendre,Jumia TN
Nabeul,140000.0,60.0,A vendre,Jumia TN
Ariana,237000.0,157.36478304742684,À Vendre,Tayara TN
Sousse,110000.0,38.0,A vendre,Jumia TN
Banlieue Nord,260000.0,1.0,A vendre,Jumia TN
Sousse,125000.0,50.0,A vendre,Jumia TN
Banlieue Nord,170000.0,98.0,A vendre,Jumia TN
Ariana,210000.0,117.0,A vendre,Jumia TN
Ben arous,155000.0,128.0,A vendre,Jumia TN
Nabeul,252000.0,126.0,A vendre,Jumia TN
Ariana,198000.0,157.36478304742684,À Vendre,Tayara TN
Banlieue Nord,178000.0,104.0,A vendre,Jumia TN
Bizerte,185000.0,150.0,A vendre,Jumia TN
Banlieue Nord,135000.0,90.0,A vendre,Jumia TN
Ariana,258000.0,136.0,A vendre,Jumia TN
Ariana,250000.0,111.0,A vendre,Jumia TN
Ariana,150000.0,100.0,A vendre,Jumia TN
Banlieue Nord,430000.0,177.0,A vendre,Jumia TN
Banlieue Nord,250000.0,100.0,A vendre,Jumia TN
Ariana,440000.0,162.0,A vendre,Jumia TN
Ariana,300000.0,119.0,A vendre,Jumia TN
Banlieue Nord,265000.0,135.0,A vendre,Jumia TN
Sousse,250000.0,100.0,A vendre,Jumia TN
Banlieue Nord,380000.0,138.0,A vendre,Jumia TN
Sousse,146000.0,42.0,A vendre,Jumia TN
Sousse,220000.0,50.0,A vendre,Jumia TN
Sousse,217000.0,148.0,A vendre,Jumia TN
Sousse,215000.0,130.0,A vendre,Jumia TN
Banlieue Nord,460000.0,200.0,A vendre,Jumia TN
Sousse,180.0,50.0,A vendre,Jumia TN
Banlieue Nord,420000.0,1.0,A vendre,Jumia TN
Nabeul,330000.0,117.0,A vendre,Jumia TN
Ariana,985800.0,283.0,A vendre,Jumia TN
Banlieue Nord,750000.0,1.0,A vendre,Jumia TN
Ariana,357050.0,202.0,A vendre,Jumia TN
Banlieue Nord,255000.0,169.0,A vendre,Jumia TN
Banlieue Nord,234900.0,1.0,A vendre,Jumia TN
Ariana,700000.0,360.0,A vendre,Jumia TN
Mahdia,348300.0,122.0,A vendre,Jumia TN
Sousse,298000.0,119.0,A vendre,Jumia TN
Sousse,125000.0,78.0,A vendre,Jumia TN
Banlieue Nord,468000.0,234.0,A vendre,Jumia TN
Banlieue Nord,483400.0,1.0,A vendre,Jumia TN
Ariana,281600.0,128.0,A vendre,Jumia TN
Nabeul,145000.0,75.0,A vendre,Jumia TN
Ariana,367000.0,132.0,A vendre,Jumia TN
Ariana,210000.0,105.0,A vendre,Jumia TN
Banlieue Nord,750000.0,1.0,A vendre,Jumia TN
Banlieue Nord,420000.0,1.0,A vendre,Jumia TN
Banlieue Nord,590000.0,157.36478304742684,À Vendre,Tayara TN
Sousse,220000.0,70.0,A vendre,Jumia TN
Ben arous,173000.0,105.0,A vendre,Jumia TN
Banlieue Nord,650000.0,1.0,A vendre,Jumia TN
Banlieue Nord,330000.0,1.0,A vendre,Jumia TN
Ben arous,190000.0,145.0,A vendre,Jumia TN
Ariana,560000.0,180.0,A vendre,Jumia TN
Sousse,140000.0,85.0,A vendre,Jumia TN
Ben arous,1500000.0,157.36478304742684,À Vendre,Tayara TN
Ariana,410000.0,143.0,A vendre,Jumia TN
Ben arous,140000.0,157.36478304742684,À Vendre,Tayara TN
Banlieue Nord,275000.0,157.36478304742684,À Vendre,Tayara TN
Banlieue Nord,280000.0,160.0,A vendre,Jumia TN
Banlieue Nord,800000.0,223.0,A vendre,Jumia TN
Ariana,1950.0,157.36478304742684,À Vendre,Tayara TN
Sousse,170000.0,103.0,A vendre,Jumia TN
Banlieue Nord,580000.0,242.0,A vendre,Jumia TN
Ariana,125000.0,60.0,A vendre,Jumia TN
Ariana,316000.0,137.0,A vendre,Jumia TN
Sousse,120000.0,100.0,A vendre,Jumia TN
Banlieue Nord,240000.0,1.0,A vendre,Jumia TN
Banlieue Nord,230000.0,147.0,A vendre,Jumia TN
Mannouba,120000.0,157.36478304742684,À Vendre,Tayara TN
Ben arous,272450.0,195.0,A vendre,Jumia TN
Ariana,280000.0,157.36478304742684,À Vendre,Tayara TN
Sousse,430000.0,157.36478304742684,À Vendre,Tayara TN
Sousse,240000.0,103.0,A vendre,Jumia TN
Banlieue Nord,298000.0,77.0,A vendre,Jumia TN
Banlieue Nord,421200.0,162.0,A vendre,Jumia TN
Banlieue Nord,1570.0,157.36478304742684,À Vendre,Tayara TN
Sousse,350000.0,175.0,A vendre,Jumia TN
Banlieue Nord,950000.0,316.0,A vendre,Jumia TN
Banlieue Nord,265000.0,135.0,A vendre,Jumia TN
Banlieue Nord,800000.0,1.0,A vendre,Jumia TN
Ben arous,160000.0,95.0,A vendre,Jumia TN
Mahdia,316800.0,131.0,A vendre,Jumia TN
Banlieue Nord,244000.0,144.0,A vendre,Jumia TN
Ariana,255000.0,120.0,A vendre,Jumia TN
Ariana,196610.0,110.0,A vendre,Jumia TN
Sousse,145000.0,97.0,A vendre,Jumia TN
Tunis,92000.0,157.36478304742684,À Vendre,Tayara TN
Sousse,330000.0,100.0,A vendre,Jumia TN
Banlieue Nord,200000.0,100.0,A vendre,Jumia TN
Ben arous,125000.0,95.0,A vendre,Jumia TN
Banlieue Nord,215000.0,104.0,A vendre,Jumia TN
Nabeul,280000.0,157.36478304742684,À Vendre,Tayara TN
Banlieue Nord,160000.0,74.0,A vendre,Jumia TN
Nabeul,245.0,117.0,A vendre,Jumia TN
Ariana,183000.0,73.0,A vendre,Jumia TN
Sousse,210000.0,143.0,A vendre,Jumia TN
Nabeul,300000.0,80.0,A vendre,Jumia TN
Ariana,162000.0,100.0,A vendre,Jumia TN
Banlieue Nord,623353.0,172.0,A vendre,Jumia TN
Sfax,150000.0,106.0,A vendre,Jumia TN
Sousse,222000.0,70.0,A vendre,Jumia TN
Nabeul,370000.0,160.0,A vendre,Jumia TN
Ariana,440000.0,144.0,A vendre,Jumia TN
Sousse,250000.0,80.0,A vendre,Jumia TN
Mahdia,202500.0,84.0,A vendre,Jumia TN
Ariana,260000.0,120.0,A vendre,Jumia TN
Banlieue Nord,201000.0,1.0,A vendre,Jumia TN
Tunis,177000.0,157.36478304742684,À Vendre,Tayara TN
Ben arous,272451.0,195.0,A vendre,Jumia TN
Sousse,241000.0,157.36478304742684,À Vendre,Tayara TN
Ariana,375000.0,156.0,A vendre,Jumia TN
Sousse,400000.0,118.0,A vendre,Jumia TN
Ariana,153000.0,130.0,A vendre,Jumia TN
Banlieue Nord,2000.0,180.0,A vendre,Jumia TN
Sousse,1800.0,80.0,A vendre,Jumia TN
Nabeul,650.0,120.0,A vendre,Jumia TN
Banlieue Nord,199000.0,1.0,A vendre,Jumia TN
Sousse,420000.0,157.36478304742684,À Vendre,Tayara TN
Mahdia,230200.0,95.0,A vendre,Jumia TN
Sousse,255000.0,183.0,A vendre,Jumia TN
Nabeul,82000.0,157.36478304742684,À Vendre,Tayara TN
Ariana,405725.0,183.0,A vendre,Jumia TN
Banlieue Nord,300000.0,90.0,A vendre,Jumia TN
Ariana,365000.0,175.0,A vendre,Jumia TN
Ariana,300000.0,150.0,A vendre,Jumia TN
Sousse,230000.0,120.0,A vendre,Jumia TN
Sousse,259000.0,130.0,A vendre,Jumia TN
Ariana,95760.0,57.0,A vendre,Jumia TN
Banlieue Nord,260000.0,1.0,A vendre,Jumia TN
Nabeul,220000.0,176.0,A vendre,Jumia TN
Ariana,90000.0,50.0,A vendre,Jumia TN
Ariana,250000.0,104.0,A vendre,Jumia TN
Sousse,250000.0,90.0,A vendre,Jumia TN
Tunis,330000.0,157.36478304742684,À Vendre,Tayara TN
Sousse,105000.0,80.0,A vendre,Jumia TN
Banlieue Nord,406000.0,150.0,A vendre,Jumia TN
Ariana,175000.0,68.0,A vendre,Jumia TN
Sousse,195000.0,90.0,A vendre,Jumia TN
Sousse,165000.0,157.36478304742684,À Vendre,Tayara TN
Sousse,150000.0,75.0,A vendre,Jumia TN
Banlieue Nord,190000.0,103.0,A vendre,Jumia TN
Sousse,270000.0,131.0,A vendre,Jumia TN
Nabeul,320000.0,100.0,A vendre,Jumia TN
Nabeul,180000.0,140.0,A vendre,Jumia TN
Banlieue Nord,280000.0,1.0,A vendre,Jumia TN
Banlieue Nord,1200000.0,200.0,A vendre,Jumia TN
Nabeul,380000.0,117.0,A vendre,Jumia TN
Ariana,183000.0,147.0,A vendre,Jumia TN
Ariana,222000.0,80.0,A vendre,Jumia TN
Ariana,265000.0,133.0,A vendre,Jumia TN
Nabeul,180000.0,92.0,A vendre,Jumia TN
Nabeul,250000.0,67.0,A vendre,Jumia TN
Banlieue Nord,250000.0,69.0,A vendre,Jumia TN
Ben arous,165000.0,101.0,A vendre,Jumia TN
Nabeul,130000.0,85.0,A vendre,Jumia TN
Ariana,250000.0,171.0,A vendre,Jumia TN
Sousse,249000.0,150.0,A vendre,Jumia TN
Banlieue Nord,470000.0,125.0,A vendre,Jumia TN
Ariana,170000.0,147.0,A vendre,Jumia TN
Banlieue Nord,995000.0,1.0,A vendre,Jumia TN
Sousse,240000.0,140.0,A vendre,Jumia TN
Banlieue Nord,240000.0,130.0,A vendre,Jumia TN
Sousse,180000.0,120.0,A vendre,Jumia TN
Ariana,500.0,100.0,A vendre,Jumia TN
Sousse,170000.0,106.0,A vendre,Jumia TN
Sousse,250023.0,127.0,A vendre,Jumia TN
Nabeul,220000.0,95.0,A vendre,Jumia TN
Sousse,285000.0,180.0,A vendre,Jumia TN
Ben arous,250000.0,158.0,A vendre,Jumia TN
Sousse,400000.0,141.0,A vendre,Jumia TN
Sousse,150000.0,100.0,A vendre,Jumia TN
Banlieue Nord,410000.0,200.0,A vendre,Jumia TN
Banlieue Nord,270000.0,140.0,A vendre,Jumia TN
Nabeul,296000.0,78.0,A vendre,Jumia TN
Sousse,405000.0,135.0,A vendre,Jumia TN
Banlieue Nord,830000.0,250.0,A vendre,Jumia TN
Sousse,250000.0,57.0,A vendre,Jumia TN
Ariana,570000.0,228.0,A vendre,Jumia TN
Banlieue Nord,949720.0,1.0,A vendre,Jumia TN
Nabeul,200000.0,163.0,A vendre,Jumia TN
Ariana,387782.0,158.0,A vendre,Jumia TN
Sousse,111111.0,122.0,A vendre,Jumia TN
Sousse,175000.0,90.0,A vendre,Jumia TN
Banlieue Nord,4800000.0,1.0,A vendre,Jumia TN
Banlieue Nord,650000.0,222.0,A vendre,Jumia TN
Mahdia,295300.0,103.0,A vendre,Jumia TN
Banlieue Nord,159000.0,70.0,A vendre,Jumia TN
Banlieue Nord,350000.0,109.0,A vendre,Jumia TN
Banlieue Nord,140000.0,157.36478304742684,À Vendre,Tayara TN
Nabeul,262000.0,135.0,A vendre,Jumia TN
Ariana,322000.0,150.0,A vendre,Jumia TN
Nabeul,280000.0,1.0,A vendre,Jumia TN
Mannouba,198000.0,114.0,A vendre,Jumia TN
Bizerte,350000.0,200.0,A vendre,Jumia TN
Nabeul,210000.0,104.0,A vendre,Jumia TN
Ariana,206000.0,118.0,A vendre,Jumia TN
Banlieue Nord,280000.0,1.0,A vendre,Jumia TN
Sousse,266000.0,148.0,A vendre,Jumia TN
Banlieue Nord,355000.0,160.0,A vendre,Jumia TN
Ariana,410000.0,170.0,A vendre,Jumia TN
Nabeul,160000.0,67.0,A vendre,Jumia TN
Ariana,460000.0,1.0,A vendre,Jumia TN
Nabeul,350000.0,132.0,A vendre,Jumia TN
Nabeul,185000.0,100.0,A vendre,Jumia TN
Nabeul,140000.0,100.0,A vendre,Jumia TN
Sousse,500000.0,100.0,A vendre,Jumia TN
Banlieue Nord,280000.0,1.0,A vendre,Jumia TN
Ariana,280000.0,157.36478304742684,À Vendre,Tayara TN
Nabeul,235000.0,110.0,A vendre,Jumia TN
Djerba,850.0,157.36478304742684,À Vendre,Tayara TN
Ben arous,135000.0,157.36478304742684,À Vendre,Tayara TN
Banlieue Nord,1400000.0,500.0,A vendre,Jumia TN
Sousse,248000.0,113.0,A vendre,Jumia TN
Banlieue Nord,1570.0,157.36478304742684,À Vendre,Tayara TN
Banlieue Nord,530000.0,290.0,A vendre,Jumia TN
Sousse,170000.0,106.0,A vendre,Jumia TN
Sousse,162000.0,95.0,A vendre,Jumia TN
Ariana,550000.0,150.0,A vendre,Jumia TN
Banlieue Nord,3500.0,1.0,A vendre,Jumia TN
Banlieue Nord,490000.0,1.0,A vendre,Jumia TN
Ariana,500000.0,1.0,A vendre,Jumia TN
Banlieue Nord,568000.0,218.0,A vendre,Jumia TN
Banlieue Nord,150000.0,80.0,A vendre,Jumia TN
Bizerte,120000.0,157.36478304742684,À Vendre,Tayara TN
Banlieue Nord,279000.0,157.36478304742684,À Vendre,Tayara TN
Banlieue Nord,400000.0,153.0,A vendre,Jumia TN
Banlieue Nord,1700000.0,370.0,A vendre,Jumia TN
Nabeul,170000.0,65.0,A vendre,Jumia TN
Sousse,145000.0,96.0,A vendre,Jumia TN
Ariana,230000.0,157.36478304742684,À Vendre,Tayara TN
Banlieue Nord,264800.0,132.0,A vendre,Jumia TN
Banlieue Nord,390000.0,157.36478304742684,À Vendre,Tayara TN
Banlieue Nord,950000.0,170.0,A vendre,Jumia TN
Banlieue Nord,1570.0,157.36478304742684,À Vendre,Tayara TN
Sfax,65.0,157.36478304742684,À Vendre,Tayara TN
Ariana,75000.0,50.0,A vendre,Jumia TN
Ariana,250000.0,172.0,A vendre,Jumia TN
Sousse,1400000.0,380.0,A vendre,Jumia TN
Nabeul,135000.0,157.36478304742684,À Vendre,Tayara TN
Ariana,293000.0,118.0,A vendre,Jumia TN
Ariana,255000.0,157.36478304742684,À Vendre,Tayara TN
Sousse,175000.0,90.0,A vendre,Jumia TN
Sousse,110000.0,100.0,A vendre,Jumia TN
Nabeul,190000.0,135.0,A vendre,Jumia TN
Ben arous,140000.0,110.0,A vendre,Jumia TN
Nabeul,150000.0,157.36478304742684,À Vendre,Tayara TN
Ariana,240000.0,157.36478304742684,À Vendre,Tayara TN
Ariana,670000.0,1.0,A vendre,Jumia TN
Nabeul,260000.0,157.36478304742684,À Vendre,Tayara TN
Banlieue Nord,661000.0,241.0,A vendre,Jumia TN
Nabeul,150000.0,97.0,A vendre,Jumia TN
Ben arous,215000.0,99.0,A vendre,Jumia TN
Ariana,260000.0,157.36478304742684,À Vendre,Tayara TN
Nabeul,170000.0,157.36478304742684,À Vendre,Tayara TN
Nabeul,140000.0,75.0,A vendre,Jumia TN
Banlieue Nord,199000.0,100.0,A vendre,Jumia TN
Nabeul,205000.0,157.36478304742684,À Vendre,Tayara TN
Sousse,165000.0,157.36478304742684,À Vendre,Tayara TN
Djerba,160000.0,95.0,A vendre,Jumia TN
Ariana,680000.0,324.0,A vendre,Jumia TN
Ben arous,165000.0,100.0,A vendre,Jumia TN
Nabeul,210000.0,157.36478304742684,À Vendre,Tayara TN
Ben arous,250000.0,158.0,A vendre,Jumia TN
Sousse,208000.0,130.0,A vendre,Jumia TN
Nabeul,95000.0,157.36478304742684,À Vendre,Tayara TN
Sousse,200000.0,157.36478304742684,À Vendre,Tayara TN
Sousse,320000.0,100.0,A vendre,Jumia TN
Sousse,280000.0,155.0,A vendre,Jumia TN
Banlieue Nord,200000.0,120.0,A vendre,Jumia TN
Ariana,225000.0,1.0,A vendre,Jumia TN
Nabeul,260000.0,1.0,A vendre,Jumia TN
Sousse,105000.0,157.36478304742684,À Vendre,Tayara TN
Sousse,170000.0,157.36478304742684,À Vendre,Tayara TN
Banlieue Nord,285000.0,1.0,A vendre,Jumia TN
Nabeul,280000.0,150.0,A vendre,Jumia TN
Jendouba,80.0,157.36478304742684,À Vendre,Tayara TN
Ariana,177150.0,157.36478304742684,À Vendre,Tayara TN
Ben arous,185000.0,157.36478304742684,À Vendre,Tayara TN
Banlieue Nord,394000.0,145.0,A vendre,Jumia TN
Nabeul,270.0,157.36478304742684,À Vendre,Tayara TN
Banlieue Nord,450000.0,600.0,A vendre,Jumia TN
Sousse,138000.0,40.0,A vendre,Jumia TN
Banlieue Nord,205000.0,74.0,A vendre,Jumia TN
Ariana,165000.0,70.0,A vendre,Jumia TN
Ben arous,120000.0,85.0,A vendre,Jumia TN
Ben arous,145000.0,157.36478304742684,À Vendre,Tayara TN
Nabeul,340000.0,125.0,A vendre,Jumia TN
Ben arous,210000.0,144.0,A vendre,Jumia TN
Ben arous,220000.0,144.0,A vendre,Jumia TN
Ben arous,160000.0,100.0,A vendre,Jumia TN
Sousse,280000.0,157.36478304742684,À Vendre,Tayara TN
Nabeul,125000.0,120.0,A vendre,Jumia TN
Banlieue Nord,129975.0,52.0,A vendre,Jumia TN
Ariana,385000.0,180.0,A vendre,Jumia TN
Banlieue Nord,91000.0,73.0,A vendre,Jumia TN
Sousse,360000.0,90.0,A vendre,Jumia TN
Banlieue Nord,348000.0,1.0,A vendre,Jumia TN
Ben arous,160000.0,110.0,A vendre,Jumia TN
Nabeul,110000.0,157.36478304742684,À Vendre,Tayara TN
Ben arous,130000.0,79.0,A vendre,Jumia TN
Ariana,410000.0,19.0,A vendre,Jumia TN
Ben arous,125000.0,90.0,A vendre,Jumia TN
Banlieue Nord,300000.0,1.0,A vendre,Jumia TN
Ben arous,285000.0,150.0,A vendre,Jumia TN
Bizerte,200000.0,130.0,A vendre,Jumia TN
Nabeul,55000.0,80.0,A vendre,Jumia TN
Banlieue Nord,300000.0,99.0,A vendre,Jumia TN
Ariana,2500.0,143.0,A vendre,Jumia TN
Sousse,200000.0,157.36478304742684,À Vendre,Tayara TN
Ben arous,135000.0,100.0,A vendre,Jumia TN
Ariana,85000.0,100.0,A vendre,Jumia TN
Banlieue Nord,360000.0,150.0,A vendre,Jumia TN
Nabeul,185000.0,107.0,A vendre,Jumia TN
Ariana,486000.0,184.0,A vendre,Jumia TN
Banlieue Nord,250000.0,100.0,A vendre,Jumia TN
Ben arous,270000.0,400.0,A vendre,Jumia TN
Banlieue Nord,190000.0,1.0,A vendre,Jumia TN
Ariana,600000.0,310.0,A vendre,Jumia TN
Sousse,200000.0,157.36478304742684,À Vendre,Tayara TN
Banlieue Nord,518000.0,174.0,A vendre,Jumia TN
Ariana,206000.0,118.0,A vendre,Jumia TN
Ariana,250000.0,171.0,A vendre,Jumia TN
Nabeul,390000.0,100.0,A vendre,Jumia TN
Ben arous,215.0,157.36478304742684,À Vendre,Tayara TN
Banlieue Nord,1028000.0,1.0,A vendre,Jumia TN
Banlieue Nord,495000.0,140.0,A vendre,Jumia TN
Nabeul,350000.0,70.0,A vendre,Jumia TN
Banlieue Nord,2500.0,85.0,A vendre,Jumia TN
Sousse,250000.0,170.0,A vendre,Jumia TN
Nabeul,65000.0,75.0,A vendre,Jumia TN
Ariana,188000.0,100.0,A vendre,Jumia TN
Banlieue Nord,270000.0,100.0,A vendre,Jumia TN
Sousse,200000.0,100.0,A vendre,Jumia TN
Sousse,1000.0,90.0,A vendre,Jumia TN
Banlieue Nord,200000.0,120.0,A vendre,Jumia TN
Banlieue Nord,250000.0,157.36478304742684,À Vendre,Tayara TN
Ben arous,110000.0,90.0,A vendre,Jumia TN
Sousse,95000.0,54.0,A vendre,Jumia TN
Nabeul,420000.0,192.0,A vendre,Jumia TN
Ariana,250000.0,104.0,A vendre,Jumia TN
Nabeul,145000.0,70.0,A vendre,Jumia TN
Banlieue Nord,560000.0,1.0,A vendre,Jumia TN
Banlieue Nord,215000.0,105.0,A vendre,Jumia TN
Banlieue Nord,662000.0,241.0,A vendre,Jumia TN
Ariana,130000.0,157.36478304742684,À Vendre,Tayara TN
Ariana,250000.0,171.0,A vendre,Jumia TN
Ariana,190000.0,157.36478304742684,À Vendre,Tayara TN
Sousse,380000.0,150.0,A vendre,Jumia TN
Ariana,480000.0,1.0,A vendre,Jumia TN
Ben arous,250000.0,158.0,A vendre,Jumia TN
Tunis,130000.0,157.36478304742684,À Vendre,Tayara TN
Banlieue Nord,415000.0,160.0,A vendre,Jumia TN
Sousse,850000.0,220.0,A vendre,Jumia TN
Ariana,185000.0,157.36478304742684,À Vendre,Tayara TN
Ariana,381250.0,140.0,A vendre,Jumia TN
Sfax,65000.0,157.36478304742684,À Vendre,Tayara TN
Ben arous,150000.0,88.0,A vendre,Jumia TN
Sousse,55000.0,85.0,A vendre,Jumia TN
Bizerte,120000.0,90.0,A vendre,Jumia TN
Nabeul,350000.0,113.0,A vendre,Jumia TN
Sousse,190000.0,116.0,A vendre,Jumia TN
Sousse,200000.0,110.0,A vendre,Jumia TN
Banlieue Nord,130000.0,40.0,A vendre,Jumia TN
Nabeul,360000.0,157.36478304742684,À Vendre,Tayara TN
Banlieue Nord,400000.0,250.0,A vendre,Jumia TN
Ariana,1780.0,157.36478304742684,À Vendre,Tayara TN
Sousse,168000.0,130.0,A vendre,Jumia TN
Ariana,215000.0,157.36478304742684,À Vendre,Tayara TN
Ben arous,135000.0,110.0,A vendre,Jumia TN
Sousse,210000.0,157.36478304742684,À Vendre,Tayara TN
Sousse,330000.0,100.0,A vendre,Jumia TN
Banlieue Nord,195000.0,67.0,A vendre,Jumia TN
Nabeul,155000.0,141.0,A vendre,Jumia TN
Banlieue Nord,465000.0,141.0,A vendre,Jumia TN
Sousse,180000.0,119.0,A vendre,Jumia TN
Ben arous,190000.0,137.0,A vendre,Jumia TN
Ariana,130000.0,157.36478304742684,À Vendre,Tayara TN
Banlieue Nord,950000.0,1.0,A vendre,Jumia TN
Banlieue Nord,190000.0,76.0,A vendre,Jumia TN
Banlieue Nord,120000.0,100.0,A vendre,Jumia TN
Ariana,470000.0,200.0,A vendre,Jumia TN
Banlieue Nord,450000.0,306.0,A vendre,Jumia TN
Ariana,470000.0,179.0,A vendre,Jumia TN
Banlieue Nord,197000.0,135.0,A vendre,Jumia TN
Ariana,255000.0,157.36478304742684,À Vendre,Tayara TN
Banlieue Nord,270000.0,148.0,A vendre,Jumia TN
Mahdia,127000.0,157.36478304742684,À Vendre,Tayara TN
Nabeul,186000.0,157.36478304742684,À Vendre,Tayara TN
Ariana,200000.0,85.0,A vendre,Jumia TN
Banlieue Nord,276000.0,120.0,A vendre,Jumia TN
Nabeul,450000.0,180.0,A vendre,Jumia TN
Banlieue Nord,1450000.0,362.0,A vendre,Jumia TN
Nabeul,140000.0,157.36478304742684,À Vendre,Tayara TN
Sousse,180000.0,115.0,A vendre,Jumia TN
Banlieue Nord,330000.0,110.0,A vendre,Jumia TN
Nabeul,145000.0,157.36478304742684,À Vendre,Tayara TN
Ariana,264000.0,110.0,A vendre,Jumia TN
Tunis,70.0,157.36478304742684,À Vendre,Tayara TN
Ariana,110000.0,70.0,A vendre,Jumia TN
Sfax,1750.0,157.36478304742684,À Vendre,Tayara TN
Bizerte,172000.0,157.36478304742684,À Vendre,Tayara TN
Sousse,180000.0,120.0,A vendre,Jumia TN
Ariana,450000.0,157.36478304742684,À Vendre,Tayara TN
Tunis,300000.0,157.36478304742684,À Vendre,Tayara TN
Nabeul,265000.0,157.36478304742684,À Vendre,Tayara TN
Ben arous,160000.0,157.36478304742684,À Vendre,Tayara TN
Sousse,175000.0,157.36478304742684,À Vendre,Tayara TN
Nabeul,145000.0,157.36478304742684,À Vendre,Tayara TN
Ariana,249000.0,157.36478304742684,À Vendre,Tayara TN
Banlieue Nord,190000.0,75.0,A vendre,Jumia TN
Banlieue Nord,485000.0,1.0,A vendre,Jumia TN
Ariana,215000.0,134.0,A vendre,Jumia TN
Nabeul,235000.0,157.36478304742684,À Vendre,Tayara TN
Ben arous,256900.0,180.0,A vendre,Jumia TN
Banlieue Nord,310000.0,155.0,A vendre,Jumia TN
Sousse,180000.0,100.0,A vendre,Jumia TN
Ben arous,220000.0,146.0,A vendre,Jumia TN
Banlieue Nord,600000.0,1.0,A vendre,Jumia TN
Ariana,206000.0,118.0,A vendre,Jumia TN
Ariana,260000.0,140.0,A vendre,Jumia TN
Ariana,89880.0,54.0,A vendre,Jumia TN
Banlieue Nord,280000.0,123.0,A vendre,Jumia TN
Ariana,150360.0,90.0,A vendre,Jumia TN
Banlieue Nord,210000.0,134.0,A vendre,Jumia TN
Sousse,152550.0,100.0,A vendre,Jumia TN
Ariana,300000.0,139.0,A vendre,Jumia TN
Nabeul,308000.0,140.0,A vendre,Jumia TN
Banlieue Nord,1700000.0,1.0,A vendre,Jumia TN
Sousse,130000.0,90.0,A vendre,Jumia TN
Ariana,255000.0,120.0,A vendre,Jumia TN
Bizerte,115000.0,90.0,A vendre,Jumia TN
Banlieue Nord,205000.0,47.0,A vendre,Jumia TN
Nabeul,175000.0,157.36478304742684,À Vendre,Tayara TN
Banlieue Nord,2200.0,1.0,A vendre,Jumia TN
Nabeul,130000.0,65.0,A vendre,Jumia TN
Sousse,557387.0,139.0,A vendre,Jumia TN
Banlieue Nord,450000.0,150.0,A vendre,Jumia TN
Ariana,250000.0,200.0,A vendre,Jumia TN
Nabeul,150000.0,157.36478304742684,À Vendre,Tayara TN
Nabeul,355000.0,157.36478304742684,À Vendre,Tayara TN
Sousse,299000.0,157.36478304742684,À Vendre,Tayara TN
Ariana,250000.0,136.0,A vendre,Jumia TN
Sousse,169000.0,106.0,A vendre,Jumia TN
Ariana,500.0,120.0,A vendre,Jumia TN
Ariana,335461.0,169.0,A vendre,Jumia TN
Ariana,155000.0,130.0,A vendre,Jumia TN
Mahdia,278900.0,115.0,A vendre,Jumia TN
Sousse,410000.0,165.0,A vendre,Jumia TN
Mannouba,130000.0,105.0,A vendre,Jumia TN
Banlieue Nord,585.0,1.0,A vendre,Jumia TN
Nabeul,250000.0,144.0,A vendre,Jumia TN
Banlieue Nord,1442.0,87.0,A vendre,Jumia TN
Ariana,363000.0,158.0,A vendre,Jumia TN
Ariana,225000.0,157.36478304742684,À Vendre,Tayara TN
Banlieue Nord,1460000.0,205.0,A vendre,Jumia TN
Banlieue Nord,411000.0,179.0,A vendre,Jumia TN
Banlieue Nord,417000.0,154.0,A vendre,Jumia TN
Banlieue Nord,135000.0,65.0,A vendre,Jumia TN
Nabeul,150000.0,97.0,A vendre,Jumia TN
Tunis,160000.0,157.36478304742684,À Vendre,Tayara TN
Ariana,230000.0,118.0,A vendre,Jumia TN
Gafsa,120000.0,157.36478304742684,À Vendre,Tayara TN
Sousse,245.0,105.0,A vendre,Jumia TN
Banlieue Nord,364000.0,130.0,A vendre,Jumia TN
Ariana,418000.0,168.0,A vendre,Jumia TN
Sousse,239000.0,120.0,A vendre,Jumia TN
Ariana,185000.0,72.0,A vendre,Jumia TN
Ariana,293000.0,144.0,A vendre,Jumia TN
Sousse,180000.0,87.0,A vendre,Jumia TN
Sousse,280000.0,50.0,A vendre,Jumia TN
Banlieue Nord,1350000.0,1.0,A vendre,Jumia TN
Banlieue Nord,495000.0,168.0,A vendre,Jumia TN
Ariana,96040.0,53.0,A vendre,Jumia TN
Banlieue Nord,770000.0,1.0,A vendre,Jumia TN
Nabeul,400000.0,171.0,A vendre,Jumia TN
Banlieue Nord,750000.0,120.0,A vendre,Jumia TN
Sousse,180000.0,115.0,A vendre,Jumia TN
Sousse,1100000.0,250.0,A vendre,Jumia TN
Banlieue Nord,730000.0,1.0,A vendre,Jumia TN
Sousse,380000.0,162.0,A vendre,Jumia TN
Banlieue Nord,220000.0,77.0,A vendre,Jumia TN
Ariana,75000.0,50.0,A vendre,Jumia TN
Ariana,356000.0,137.0,A vendre,Jumia TN
Banlieue Nord,411000.0,1.0,A vendre,Jumia TN
Sousse,185000.0,150.0,A vendre,Jumia TN
Banlieue Nord,383000.0,151.0,A vendre,Jumia TN
Ariana,150360.0,89.0,A vendre,Jumia TN
Banlieue Nord,525000.0,118.0,A vendre,Jumia TN
Banlieue Nord,690000.0,1.0,A vendre,Jumia TN
Ariana,205000.0,105.0,A vendre,Jumia TN
Banlieue Nord,240000.0,85.0,A vendre,Jumia TN
Banlieue Nord,306000.0,116.0,A vendre,Jumia TN
Sousse,360000.0,90.0,A vendre,Jumia TN
Banlieue Nord,600000.0,1.0,A vendre,Jumia TN
Ben arous,190000.0,130.0,A vendre,Jumia TN
Banlieue Nord,159000.0,70.0,A vendre,Jumia TN
Banlieue Nord,450000.0,285.0,A vendre,Jumia TN
Ariana,570000.0,228.0,A vendre,Jumia TN
Banlieue Nord,375000.0,65.0,A vendre,Jumia TN
Banlieue Nord,950000.0,231.0,A vendre,Jumia TN
Ariana,510000.0,1.0,A vendre,Jumia TN
Sousse,160000.0,95.0,A vendre,Jumia TN
Sousse,138000.0,40.0,A vendre,Jumia TN
Ariana,308000.0,145.0,A vendre,Jumia TN
Banlieue Nord,205000.0,105.0,A vendre,Jumia TN
Djerba,400000.0,294.0,A vendre,Jumia TN
Ariana,215000.0,102.0,A vendre,Jumia TN
Banlieue Nord,237600.0,88.0,A vendre,Jumia TN
Banlieue Nord,238000.0,138.0,A vendre,Jumia TN
Banlieue Nord,350000.0,140.0,A vendre,Jumia TN
Sousse,130000.0,79.0,A vendre,Jumia TN
Nabeul,300000.0,169.0,A vendre,Jumia TN
Ariana,170000.0,147.0,A vendre,Jumia TN
Banlieue Nord,650000.0,1.0,A vendre,Jumia TN
Ariana,257000.0,136.0,A vendre,Jumia TN
Ariana,250000.0,171.0,A vendre,Jumia TN
Sousse,450000.0,134.0,A vendre,Jumia TN
Ariana,208000.0,106.0,A vendre,Jumia TN
Banlieue Nord,205000.0,105.0,A vendre,Jumia TN
Banlieue Nord,659000.0,240.0,A vendre,Jumia TN
Nabeul,335000.0,147.0,A vendre,Jumia TN
Sousse,345000.0,157.36478304742684,À Vendre,Tayara TN
Banlieue Nord,250000.0,112.0,A vendre,Jumia TN
Nabeul,150000.0,157.36478304742684,À Vendre,Tayara TN
Sousse,248000.0,113.0,A vendre,Jumia TN
Bizerte,1300000.0,1.0,A vendre,Jumia TN
Banlieue Nord,560000.0,163.0,A vendre,Jumia TN
Banlieue Nord,650000.0,1.0,A vendre,Jumia TN
Ariana,212870.0,122.0,A vendre,Jumia TN
Ariana,200000.0,157.36478304742684,À Vendre,Tayara TN
Ariana,85680.0,51.0,A vendre,Jumia TN
Banlieue Nord,700000.0,1.0,A vendre,Jumia TN
Nabeul,220000.0,117.0,A vendre,Jumia TN
Nabeul,1300000.0,254.0,A vendre,Jumia TN
Banlieue Nord,200000.0,65.0,A vendre,Jumia TN
Sousse,220000.0,138.0,A vendre,Jumia TN
Bizerte,210000.0,60.0,A vendre,Jumia TN
Ariana,160000.0,150.0,A vendre,Jumia TN
Ariana,250000.0,136.0,A vendre,Jumia TN
Ariana,357425.0,143.0,A vendre,Jumia TN
Sousse,110000.0,157.36478304742684,À Vendre,Tayara TN
Sousse,160000.0,122.0,A vendre,Jumia TN
Ben arous,490000.0,200.0,A vendre,Jumia TN
Nabeul,380000.0,150.0,A vendre,Jumia TN
Ariana,68880.0,41.0,A vendre,Jumia TN
Sousse,240000.0,170.0,A vendre,Jumia TN
Ariana,119000.0,70.0,A vendre,Jumia TN
Ben arous,200000.0,187.0,A vendre,Jumia TN
Ben arous,130.0,157.36478304742684,À Vendre,Tayara TN
Ariana,280000.0,157.36478304742684,À Vendre,Tayara TN
Ariana,153000.0,130.0,A vendre,Jumia TN
Nabeul,135000.0,200.0,A vendre,Jumia TN
Mahdia,400000.0,157.36478304742684,À Vendre,Tayara TN
Nabeul,120000.0,157.36478304742684,À Vendre,Tayara TN
Monastir,125000.0,70.0,A vendre,Jumia TN
Ariana,200000.0,157.36478304742684,À Vendre,Tayara TN
Banlieue Nord,320000.0,1.0,A vendre,Jumia TN
Ariana,250000.0,172.0,A vendre,Jumia TN
Nabeul,750000.0,400.0,A vendre,Jumia TN
Nabeul,190000.0,74.0,A vendre,Jumia TN
Ben arous,105000.0,64.0,A vendre,Jumia TN
Ariana,462000.0,201.0,A vendre,Jumia TN
Nabeul,280000.0,157.36478304742684,À Vendre,Tayara TN
Banlieue Nord,204000.0,77.0,A vendre,Jumia TN
Nabeul,509184.0,157.36478304742684,À Vendre,Tayara TN
Banlieue Nord,350000.0,1.0,A vendre,Jumia TN
Banlieue Nord,178000.0,105.0,A vendre,Jumia TN
Nabeul,125000.0,157.36478304742684,À Vendre,Tayara TN
Nabeul,150000.0,157.36478304742684,À Vendre,Tayara TN
Ariana,182000.0,65.0,A vendre,Jumia TN
Nabeul,160000.0,67.0,A vendre,Jumia TN
Ben arous,215000.0,100.0,A vendre,Jumia TN
Ariana,400000.0,180.0,A vendre,Jumia TN
Banlieue Nord,405000.0,150.0,A vendre,Jumia TN
Banlieue Nord,530000.0,1.0,A vendre,Jumia TN
Sousse,285000.0,135.0,A vendre,Jumia TN
Sousse,322000.0,119.0,A vendre,Jumia TN
Sousse,230000.0,76.0,A vendre,Jumia TN
Banlieue Nord,500000.0,300.0,A vendre,Jumia TN
Ariana,260000.0,120.0,A vendre,Jumia TN
Ben arous,163000.0,100.0,A vendre,Jumia TN
Sousse,180000.0,87.0,A vendre,Jumia TN
Sousse,100000.0,78.0,A vendre,Jumia TN
Ariana,125000.0,56.0,A vendre,Jumia TN
Ariana,160000.0,150.0,A vendre,Jumia TN
Sousse,60.0,80.0,A vendre,Jumia TN
Banlieue Nord,950000.0,1.0,A vendre,Jumia TN
Banlieue Nord,313800.0,133.0,A vendre,Jumia TN
Banlieue Nord,1133000.0,1.0,A vendre,Jumia TN
Nabeul,295000.0,157.36478304742684,À Vendre,Tayara TN
Banlieue Nord,692000.0,236.0,A vendre,Jumia TN
Banlieue Nord,220000.0,1.0,A vendre,Jumia TN
Banlieue Nord,450000.0,174.0,A vendre,Jumia TN
Ariana,551000.0,155.0,A vendre,Jumia TN
Ariana,255000.0,120.0,A vendre,Jumia TN
Banlieue Nord,1700.0,1.0,A vendre,Jumia TN
Banlieue Nord,385000.0,1.0,A vendre,Jumia TN
Ariana,206000.0,118.0,A vendre,Jumia TN
Ariana,153000.0,130.0,A vendre,Jumia TN
Ariana,223000.0,106.0,A vendre,Jumia TN
Sousse,195000.0,90.0,A vendre,Jumia TN
Nabeul,216000.0,92.0,A vendre,Jumia TN
Sousse,360000.0,140.0,A vendre,Jumia TN
Banlieue Nord,215000.0,100.0,A vendre,Jumia TN
Banlieue Nord,190000.0,76.0,A vendre,Jumia TN
Sousse,160000.0,157.36478304742684,À Vendre,Tayara TN
Ariana,335000.0,157.0,A vendre,Jumia TN
Sousse,87000.0,63.0,A vendre,Jumia TN
Sousse,131000.0,64.0,A vendre,Jumia TN
Sousse,320000.0,220.0,A vendre,Jumia TN
Sfax,80000.0,157.36478304742684,À Vendre,Tayara TN
Banlieue Nord,905000.0,411.0,A vendre,Jumia TN
Ariana,543904.0,236.0,A vendre,Jumia TN
Banlieue Nord,520000.0,168.0,A vendre,Jumia TN
Ariana,600000.0,310.0,A vendre,Jumia TN
Sfax,140000.0,98.0,A vendre,Jumia TN
Sousse,110000.0,157.36478304742684,À Vendre,Tayara TN
Nabeul,220000.0,157.36478304742684,À Vendre,Tayara TN
Sfax,75000.0,70.0,A vendre,Jumia TN
Nabeul,155000.0,141.0,A vendre,Jumia TN
Nabeul,305000.0,104.0,A vendre,Jumia TN
Sousse,250000.0,148.0,A vendre,Jumia TN
Banlieue Nord,620000.0,185.0,A vendre,Jumia TN
Banlieue Nord,580000.0,185.0,A vendre,Jumia TN
Ariana,540000.0,209.0,A vendre,Jumia TN
Banlieue Nord,547000.0,238.0,A vendre,Jumia TN
Sousse,320000.0,158.0,A vendre,Jumia TN
Sousse,360000.0,70.0,A vendre,Jumia TN
Banlieue Nord,393000.0,145.0,A vendre,Jumia TN
Nabeul,550000.0,455.0,A vendre,Jumia TN
Sousse,360000.0,90.0,A vendre,Jumia TN
Ariana,261988.0,131.0,A vendre,Jumia TN
Banlieue Nord,585.0,1.0,A vendre,Jumia TN
Sousse,130000.0,99.0,A vendre,Jumia TN
Banlieue Nord,1530000.0,1.0,A vendre,Jumia TN
Banlieue Nord,334400.0,152.0,A vendre,Jumia TN
Nabeul,200000.0,107.0,A vendre,Jumia TN
Banlieue Nord,470000.0,163.0,A vendre,Jumia TN
Sousse,155000.0,155.0,A vendre,Jumia TN
Banlieue Nord,562500.0,1.0,A vendre,Jumia TN
Nabeul,130000.0,95.0,A vendre,Jumia TN
Banlieue Nord,500000.0,187.0,A vendre,Jumia TN
Banlieue Nord,620000.0,1.0,A vendre,Jumia TN
Banlieue Nord,330000.0,145.0,A vendre,Jumia TN
Sousse,165000.0,70.0,A vendre,Jumia TN
Banlieue Nord,280000.0,1.0,A vendre,Jumia TN
Ariana,165000.0,70.0,A vendre,Jumia TN
Ben arous,185000.0,125.0,A vendre,Jumia TN
Ariana,125000.0,60.0,A vendre,Jumia TN
Nabeul,430000.0,180.0,A vendre,Jumia TN
Banlieue Nord,500000.0,220.0,A vendre,Jumia TN
Nabeul,242000.0,60.0,A vendre,Jumia TN
Sousse,180000.0,144.0,A vendre,Jumia TN
Ariana,500000.0,246.0,A vendre,Jumia TN
Sousse,360000.0,100.0,A vendre,Jumia TN
Sousse,440000.0,132.0,A vendre,Jumia TN
Sousse,222000.0,101.0,A vendre,Jumia TN
Nabeul,280000.0,95.0,A vendre,Jumia TN
Ariana,260000.0,112.0,A vendre,Jumia TN
Nabeul,327699.0,137.0,A vendre,Jumia TN
Banlieue Nord,445000.0,201.0,A vendre,Jumia TN
Sousse,206000.0,139.0,A vendre,Jumia TN
Nabeul,90000.0,1.0,A vendre,Jumia TN
Ben arous,185000.0,95.0,A vendre,Jumia TN
Ariana,506000.0,220.0,A vendre,Jumia TN
Banlieue Nord,1700.0,1.0,A vendre,Jumia TN
Nabeul,1300000.0,254.0,A vendre,Jumia TN
Banlieue Nord,345500.0,156.0,A vendre,Jumia TN
Banlieue Nord,750000.0,1.0,A vendre,Jumia TN
Nabeul,330000.0,120.0,A vendre,Jumia TN
Banlieue Nord,450000.0,156.0,A vendre,Jumia TN
Nabeul,190000.0,55.0,A vendre,Jumia TN
Ariana,110000.0,71.0,A vendre,Jumia TN
Banlieue Nord,450000.0,173.0,A vendre,Jumia TN
Banlieue Nord,405000.0,150.0,A vendre,Jumia TN
Nabeul,350000.0,100.0,A vendre,Jumia TN
Nabeul,205000.0,97.0,A vendre,Jumia TN
Ariana,250000.0,171.0,A vendre,Jumia TN
Banlieue Nord,396000.0,146.0,A vendre,Jumia TN
Ariana,288470.0,167.0,A vendre,Jumia TN
Sousse,405000.0,135.0,A vendre,Jumia TN
Ariana,444000.0,195.0,A vendre,Jumia TN
Ariana,260000.0,120.0,A vendre,Jumia TN
Nabeul,125000.0,1.0,A vendre,Jumia TN
Banlieue Nord,500000.0,1.0,A vendre,Jumia TN
Sousse,190000.0,144.0,A vendre,Jumia TN
Ben arous,239000.0,147.0,A vendre,Jumia TN
Sousse,150000.0,42.0,A vendre,Jumia TN
Banlieue Nord,530000.0,136.0,A vendre,Jumia TN
Banlieue Nord,205000.0,105.0,A vendre,Jumia TN
Sousse,150000.0,42.0,A vendre,Jumia TN
Banlieue Nord,280000.0,7.0,A vendre,Jumia TN
Ben arous,250000.0,160.0,A vendre,Jumia TN
Banlieue Nord,250000.0,150.0,A vendre,Jumia TN
Ariana,220000.0,130.0,A vendre,Jumia TN
Banlieue Nord,295000.0,1.0,A vendre,Jumia TN
Ariana,230000.0,157.36478304742684,À Vendre,Tayara TN
Ariana,185000.0,100.0,A vendre,Jumia TN
Nabeul,125000.0,120.0,A vendre,Jumia TN
Banlieue Nord,215000.0,102.0,A vendre,Jumia TN
Ben arous,103000.0,105.0,A vendre,Jumia TN
Ben arous,120900.0,86.0,A vendre,Jumia TN
Banlieue Nord,460000.0,178.0,A vendre,Jumia TN
Nabeul,245000.0,132.0,A vendre,Jumia TN
Sousse,190000.0,116.0,A vendre,Jumia TN
Banlieue Nord,496000.0,138.0,A vendre,Jumia TN
Nabeul,240000.0,96.0,A vendre,Jumia TN
Banlieue Nord,406000.0,150.0,A vendre,Jumia TN
Sousse,200000.0,125.0,A vendre,Jumia TN
Banlieue Nord,440000.0,184.0,A vendre,Jumia TN
Banlieue Nord,215000.0,78.0,A vendre,Jumia TN
Sousse,260000.0,137.0,A vendre,Jumia TN
Ariana,145000.0,90.0,A vendre,Jumia TN
Nabeul,308000.0,140.0,A vendre,Jumia TN
Sousse,285000.0,135.0,A vendre,Jumia TN
Banlieue Nord,216000.0,78.0,A vendre,Jumia TN
Ben arous,272450.0,195.0,A vendre,Jumia TN
Banlieue Nord,245000.0,90.0,A vendre,Jumia TN
Sousse,255000.0,183.0,A vendre,Jumia TN
Nabeul,205000.0,97.0,A vendre,Jumia TN
Sousse,160000.0,107.0,A vendre,Jumia TN
Ariana,367000.0,145.0,A vendre,Jumia TN
Nabeul,350077.0,154.0,A vendre,Jumia TN
Sousse,130000.0,99.0,A vendre,Jumia TN
Sousse,226000.0,103.0,A vendre,Jumia TN
Sousse,102000.0,157.36478304742684,À Vendre,Tayara TN
Nabeul,175000.0,90.0,A vendre,Jumia TN
Banlieue Nord,6000.0,1.0,A vendre,Jumia TN
Nabeul,158519.0,65.0,A vendre,Jumia TN
Ariana,170000.0,157.36478304742684,À Vendre,Tayara TN
Banlieue Nord,5000.0,1.0,A vendre,Jumia TN
Sousse,130000.0,157.36478304742684,À Vendre,Tayara TN
Banlieue Nord,350000.0,179.0,A vendre,Jumia TN
Ariana,350000.0,175.0,A vendre,Jumia TN
Sousse,115000.0,75.0,A vendre,Jumia TN
Nabeul,150000.0,157.36478304742684,À Vendre,Tayara TN
Ariana,170000.0,147.0,A vendre,Jumia TN
Ariana,215000.0,157.36478304742684,À Vendre,Tayara TN
Ariana,175000.0,90.0,A vendre,Jumia TN
Banlieue Nord,460000.0,1.0,A vendre,Jumia TN
Banlieue Nord,700000.0,360.0,A vendre,Jumia TN
Ariana,215000.0,157.36478304742684,À Vendre,Tayara TN
Ben arous,248000.0,105.0,A vendre,Jumia TN
Ariana,265000.0,157.36478304742684,À Vendre,Tayara TN
Banlieue Nord,920000.0,168.0,A vendre,Jumia TN
Banlieue Nord,393000.0,145.0,A vendre,Jumia TN
Sousse,138000.0,40.0,A vendre,Jumia TN
Nabeul,150000.0,157.36478304742684,À Vendre,Tayara TN
Ariana,310000.0,164.0,A vendre,Jumia TN
Ben arous,215000.0,99.0,A vendre,Jumia TN
Banlieue Nord,177000.0,90.0,A vendre,Jumia TN
Nabeul,190000.0,95.0,A vendre,Jumia TN
Banlieue Nord,380000.0,90.0,A vendre,Jumia TN
Sousse,385000.0,161.0,A vendre,Jumia TN
Sousse,330000.0,153.0,A vendre,Jumia TN
Banlieue Nord,294000.0,111.0,A vendre,Jumia TN
Banlieue Nord,550000.0,190.0,A vendre,Jumia TN
Ariana,140000.0,157.36478304742684,À Vendre,Tayara TN
Ariana,185000.0,157.36478304742684,À Vendre,Tayara TN
Sousse,158000.0,110.0,A vendre,Jumia TN
Ariana,198000.0,157.36478304742684,À Vendre,Tayara TN
Sousse,89000.0,60.0,A vendre,Jumia TN
Sousse,55000.0,85.0,A vendre,Jumia TN
Ariana,175000.0,157.36478304742684,À Vendre,Tayara TN
Banlieue Nord,653000.0,238.0,A vendre,Jumia TN
Sousse,217000.0,157.36478304742684,À Vendre,Tayara TN
Nabeul,256745.0,108.0,A vendre,Jumia TN
Ben arous,130.0,157.36478304742684,À Vendre,Tayara TN
Nabeul,65000.0,80.0,A vendre,Jumia TN
Sousse,305000.0,157.36478304742684,À Vendre,Tayara TN
Nabeul,270000.0,95.0,A vendre,Jumia TN
Ariana,200000.0,157.36478304742684,À Vendre,Tayara TN
Sousse,175000.0,67.0,A vendre,Jumia TN
Ariana,250000.0,104.0,A vendre,Jumia TN
Nabeul,220000.0,176.0,A vendre,Jumia TN
Nabeul,90000.0,157.36478304742684,À Vendre,Tayara TN
Nabeul,350000.0,100.0,A vendre,Jumia TN
Ben arous,95000.0,90.0,A vendre,Jumia TN
Nabeul,500000.0,157.36478304742684,À Vendre,Tayara TN
Ben arous,145000000.0,157.36478304742684,À Vendre,Tayara TN
Sousse,244000.0,111.0,A vendre,Jumia TN
Banlieue Nord,1200000.0,1.0,A vendre,Jumia TN
Banlieue Nord,222000.0,81.0,A vendre,Jumia TN
Banlieue Nord,700000.0,1.0,A vendre,Jumia TN
Banlieue Nord,545000.0,109.0,A vendre,Jumia TN
Sousse,1450.0,157.36478304742684,À Vendre,Tayara TN
Sousse,170000.0,106.0,A vendre,Jumia TN
Ariana,235000.0,116.0,A vendre,Jumia TN
Sousse,297000.0,135.0,A vendre,Jumia TN
Banlieue Nord,335.0,169.0,A vendre,Jumia TN
Banlieue Nord,630000.0,171.0,A vendre,Jumia TN
Sousse,340000.0,72.0,A vendre,Jumia TN
Ariana,498000.0,172.0,A vendre,Jumia TN
Banlieue Nord,491000.0,217.0,A vendre,Jumia TN
Banlieue Nord,185000.0,92.0,A vendre,Jumia TN
Ariana,700000.0,254.0,A vendre,Jumia TN
Nabeul,180000.0,110.0,A vendre,Jumia TN
Banlieue Nord,645000.0,1.0,A vendre,Jumia TN
Banlieue Nord,450000.0,150.0,A vendre,Jumia TN
Banlieue Nord,390000.0,180.0,A vendre,Jumia TN
Banlieue Nord,457800.0,120.0,A vendre,Jumia TN
Banlieue Nord,200000.0,63.0,A vendre,Jumia TN
Banlieue Nord,263000.0,89.0,A vendre,Jumia TN
Ariana,450000.0,238.0,A vendre,Jumia TN
Banlieue Nord,550000.0,157.36478304742684,À Vendre,Tayara TN
Banlieue Nord,395000.0,150.0,A vendre,Jumia TN
Nabeul,280000.0,157.36478304742684,À Vendre,Tayara TN
Banlieue Nord,343565.0,94.0,A vendre,Jumia TN
Sousse,280000.0,155.0,A vendre,Jumia TN
Sousse,170000.0,75.0,A vendre,Jumia TN
Ariana,179000.0,64.0,A vendre,Jumia TN
Sousse,330000.0,105.0,A vendre,Jumia TN
Ben arous,272450.0,195.0,A vendre,Jumia TN
Banlieue Nord,450000.0,127.0,A vendre,Jumia TN
Ben arous,256900.0,180.0,A vendre,Jumia TN
Nabeul,205000.0,87.0,A vendre,Jumia TN
Banlieue Nord,280000.0,65.0,A vendre,Jumia TN
Mahdia,214000.0,88.0,A vendre,Jumia TN
Banlieue Nord,430000.0,128.0,A vendre,Jumia TN
Sousse,138000.0,40.0,A vendre,Jumia TN
Nabeul,225000.0,94.0,A vendre,Jumia TN
Ariana,365000.0,163.0,A vendre,Jumia TN
Ben arous,230000.0,157.36478304742684,À Vendre,Tayara TN
Ariana,498000.0,172.0,A vendre,Jumia TN
Sfax,78000.0,157.36478304742684,À Vendre,Tayara TN
Banlieue Nord,304900.0,128.0,A vendre,Jumia TN
Banlieue Nord,170000.0,89.0,A vendre,Jumia TN
Ariana,490000.0,178.0,A vendre,Jumia TN
Banlieue Nord,390000.0,204.0,A vendre,Jumia TN
Banlieue Nord,450000.0,150.0,A vendre,Jumia TN
Ariana,275000.0,157.36478304742684,À Vendre,Tayara TN
Ariana,190000.0,157.36478304742684,À Vendre,Tayara TN
Banlieue Nord,457800.0,120.0,A vendre,Jumia TN
Banlieue Nord,200000.0,63.0,A vendre,Jumia TN
Ariana,250740.0,157.36478304742684,À Vendre,Tayara TN
Ben arous,230000.0,157.36478304742684,À Vendre,Tayara TN
Banlieue Nord,263000.0,89.0,A vendre,Jumia TN
Ariana,450000.0,238.0,A vendre,Jumia TN
Nabeul,90000.0,157.36478304742684,À Vendre,Tayara TN
Banlieue Nord,395000.0,150.0,A vendre,Jumia TN
Banlieue Nord,343565.0,94.0,A vendre,Jumia TN
Tunis,180000.0,157.36478304742684,À Vendre,Tayara TN
Sousse,300000.0,148.0,A vendre,Jumia TN
Nabeul,260000.0,81.0,A vendre,Jumia TN
Sfax,112000.0,94.0,A vendre,Jumia TN
Sfax,150000.0,134.0,A vendre,Jumia TN
Ben arous,130000.0,70.0,A vendre,Jumia TN
Banlieue Nord,400000.0,152.0,A vendre,Jumia TN
Banlieue Nord,390000.0,176.0,A vendre,Jumia TN
Banlieue Nord,250000.0,157.36478304742684,À Vendre,Tayara TN
Banlieue Nord,800000.0,636.0,A vendre,Jumia TN
Banlieue Nord,430000.0,1.0,A vendre,Jumia TN
Banlieue Nord,491000.0,217.0,A vendre,Jumia TN
Banlieue Nord,185000.0,92.0,A vendre,Jumia TN
Ariana,700000.0,254.0,A vendre,Jumia TN
Nabeul,180000.0,110.0,A vendre,Jumia TN
Banlieue Nord,645000.0,1.0,A vendre,Jumia TN
Ariana,650000.0,157.36478304742684,À Vendre,Tayara TN
Ariana,650000.0,157.36478304742684,À Vendre,Tayara TN
Banlieue Nord,436000.0,120.0,A vendre,Jumia TN
Nabeul,155000.0,157.36478304742684,À Vendre,Tayara TN
Nabeul,145000.0,157.36478304742684,À Vendre,Tayara TN
Sousse,160000.0,157.36478304742684,À Vendre,Tayara TN
Tunis,360000.0,157.36478304742684,À Vendre,Tayara TN
Sfax,120000.0,157.36478304742684,À Vendre,Tayara TN
Ariana,295000.0,157.36478304742684,À Vendre,Tayara TN
Sousse,130000.0,157.36478304742684,À Vendre,Tayara TN
Ariana,350.0,157.36478304742684,À Vendre,Tayara TN
Ariana,185000.0,157.36478304742684,À Vendre,Tayara TN
Ariana,185000.0,157.36478304742684,À Vendre,Tayara TN
Nabeul,350000.0,157.36478304742684,À Vendre,Tayara TN
Ben arous,85000.0,157.36478304742684,À Vendre,Tayara TN
Nabeul,285000.0,157.36478304742684,À Vendre,Tayara TN
Ariana,380000.0,157.36478304742684,À Vendre,Tayara TN
Ariana,380000.0,157.36478304742684,À Vendre,Tayara TN
Ben arous,230000.0,157.36478304742684,À Vendre,Tayara TN
Tunis,155000.0,157.36478304742684,À Vendre,Tayara TN
Sfax,150000000.0,157.36478304742684,À Vendre,Tayara TN
Ben arous,85000.0,157.36478304742684,À Vendre,Tayara TN
Sfax,225000.0,157.36478304742684,À Vendre,Tayara TN
Ariana,125000.0,157.36478304742684,À Vendre,Tayara TN
Banlieue Nord,1050000.0,157.36478304742684,À Vendre,Tayara TN
Sousse,370000.0,157.36478304742684,À Vendre,Tayara TN
Banlieue Nord,1050000.0,157.36478304742684,À Vendre,Tayara TN
Nabeul,220000.0,157.36478304742684,À Vendre,Tayara TN
Ben arous,175000.0,157.36478304742684,À Vendre,Tayara TN
Ben arous,268000.0,157.36478304742684,À Vendre,Tayara TN
Ben arous,268000.0,157.36478304742684,À Vendre,Tayara TN
Ariana,2500.0,157.36478304742684,À Vendre,Tayara TN
Sousse,250000.0,157.36478304742684,À Vendre,Tayara TN
Ariana,450000.0,157.36478304742684,À Vendre,Tayara TN
Nabeul,380000.0,157.36478304742684,À Vendre,Tayara TN
Sousse,367000.0,157.36478304742684,À Vendre,Tayara TN
Ariana,268000.0,157.36478304742684,À Vendre,Tayara TN
Nabeul,125000.0,157.36478304742684,À Vendre,Tayara TN
Nabeul,210000.0,157.36478304742684,À Vendre,Tayara TN
Nabeul,130000.0,157.36478304742684,À Vendre,Tayara TN
Ben arous,240000.0,157.36478304742684,À Vendre,Tayara TN
Sousse,115000.0,157.36478304742684,À Vendre,Tayara TN
Sousse,215000.0,157.36478304742684,À Vendre,Tayara TN
Tunis,140000.0,157.36478304742684,À Vendre,Tayara TN
Bardo,260000.0,157.36478304742684,À Vendre,Tayara TN
Monastir,110.0,157.36478304742684,À Vendre,Tayara TN
Ariana,125000.0,157.36478304742684,À Vendre,Tayara TN
Sousse,280000.0,157.36478304742684,À Vendre,Tayara TN
Nabeul,600000.0,157.36478304742684,À Vendre,Tayara TN
Nabeul,110000.0,157.36478304742684,À Vendre,Tayara TN
Nabeul,350000.0,157.36478304742684,À Vendre,Tayara TN
Nabeul,330000.0,157.36478304742684,À Vendre,Tayara TN
Ariana,250000.0,157.36478304742684,À Vendre,Tayara TN
Nabeul,600000.0,157.36478304742684,À Vendre,Tayara TN
Tunis,155000.0,157.36478304742684,À Vendre,Tayara TN
Ariana,159000.0,157.36478304742684,À Vendre,Tayara TN
Nabeul,100000.0,157.36478304742684,À Vendre,Tayara TN
Nabeul,175000.0,157.36478304742684,À Vendre,Tayara TN
Nabeul,105000.0,157.36478304742684,À Vendre,Tayara TN
Nabeul,180000.0,157.36478304742684,À Vendre,Tayara TN
Ben arous,130000.0,157.36478304742684,À Vendre,Tayara TN
Nabeul,205000.0,157.36478304742684,À Vendre,Tayara TN
Ariana,260000.0,157.36478304742684,À Vendre,Tayara TN
Ariana,190000.0,157.36478304742684,À Vendre,Tayara TN
Nabeul,291000.0,157.36478304742684,À Vendre,Tayara TN
Nabeul,175000.0,157.36478304742684,À Vendre,Tayara TN
Ariana,190000.0,157.36478304742684,À Vendre,Tayara TN
Sousse,175000.0,157.36478304742684,À Vendre,Tayara TN
Nabeul,490000.0,157.36478304742684,À Vendre,Tayara TN
Nabeul,230000.0,157.36478304742684,À Vendre,Tayara TN
Sousse,420000.0,157.36478304742684,À Vendre,Tayara TN
Ariana,520000.0,157.36478304742684,À Vendre,Tayara TN
Tunis,3.0,157.36478304742684,À Vendre,Tayara TN
Ariana,315000.0,157.36478304742684,À Vendre,Tayara TN
Nabeul,296800.0,157.36478304742684,À Vendre,Tayara TN
Ben arous,140000.0,157.36478304742684,À Vendre,Tayara TN
Nabeul,296800.0,157.36478304742684,À Vendre,Tayara TN
Ben arous,124000.0,157.36478304742684,À Vendre,Tayara TN
Sousse,200000.0,157.36478304742684,À Vendre,Tayara TN
Nabeul,105000.0,157.36478304742684,À Vendre,Tayara TN
Nabeul,296800.0,157.36478304742684,À Vendre,Tayara TN
Ariana,199000.0,157.36478304742684,À Vendre,Tayara TN
Nabeul,150000.0,157.36478304742684,À Vendre,Tayara TN
Nabeul,220000.0,157.36478304742684,À Vendre,Tayara TN
Nabeul,220000.0,157.36478304742684,À Vendre,Tayara TN
Nabeul,220000.0,157.36478304742684,À Vendre,Tayara TN
Nabeul,175000.0,157.36478304742684,À Vendre,Tayara TN
Nabeul,155000.0,157.36478304742684,À Vendre,Tayara TN
Sousse,180000.0,157.36478304742684,À Vendre,Tayara TN
Sfax,118.0,157.36478304742684,À Vendre,Tayara TN
Ariana,211190.0,157.36478304742684,À Vendre,Tayara TN
Sousse,1400000.0,157.36478304742684,À Vendre,Tayara TN
Banlieue Nord,1200.0,157.36478304742684,À Vendre,Tayara TN
Nabeul,260000.0,157.36478304742684,À Vendre,Tayara TN
Ariana,300.0,157.36478304742684,À Vendre,Tayara TN
Ariana,198000.0,157.36478304742684,À Vendre,Tayara TN
Banlieue Nord,1200.0,157.36478304742684,À Vendre,Tayara TN
Ariana,95000.0,157.36478304742684,À Vendre,Tayara TN
Nabeul,140000.0,157.36478304742684,À Vendre,Tayara TN
Ariana,2100.0,157.36478304742684,À Vendre,Tayara TN
Nabeul,45000.0,157.36478304742684,À Vendre,Tayara TN
Nabeul,200000.0,157.36478304742684,À Vendre,Tayara TN
Kairouan,1500.0,157.36478304742684,À Vendre,Tayara TN
Nabeul,1300000.0,157.36478304742684,À Vendre,Tayara TN
Banlieue Nord,190000.0,157.36478304742684,À Vendre,Tayara TN
Ariana,1780.0,157.36478304742684,À Vendre,Tayara TN
Ben arous,90000.0,157.36478304742684,À Vendre,Tayara TN
Ben arous,180000.0,157.36478304742684,À Vendre,Tayara TN
Nabeul,155000.0,157.36478304742684,À Vendre,Tayara TN
Nabeul,130000.0,157.36478304742684,À Vendre,Tayara TN
Ben arous,180000.0,157.36478304742684,À Vendre,Tayara TN
Bardo,128000.0,157.36478304742684,À Vendre,Tayara TN
Sousse,150000.0,157.36478304742684,À Vendre,Tayara TN
Ben arous,130000.0,157.36478304742684,À Vendre,Tayara TN
Ariana,157000.0,157.36478304742684,À Vendre,Tayara TN
Tunis,175000.0,157.36478304742684,À Vendre,Tayara TN
Tunis,175000.0,157.36478304742684,À Vendre,Tayara TN
Nabeul,220000.0,157.36478304742684,À Vendre,Tayara TN
Sousse,300000.0,157.36478304742684,À Vendre,Tayara TN
Nabeul,75000.0,157.36478304742684,À Vendre,Tayara TN
Ben arous,95000.0,157.36478304742684,À Vendre,Tayara TN
Ben arous,185000.0,157.36478304742684,À Vendre,Tayara TN
Nabeul,381600.0,157.36478304742684,À Vendre,Tayara TN
Ariana,108000.0,157.36478304742684,À Vendre,Tayara TN
Ben arous,130000.0,157.36478304742684,À Vendre,Tayara TN
Ben arous,187000.0,157.36478304742684,À Vendre,Tayara TN
Ariana,400.0,157.36478304742684,À Vendre,Tayara TN
Nabeul,135000.0,157.36478304742684,À Vendre,Tayara TN
Nabeul,400000.0,157.36478304742684,À Vendre,Tayara TN
Nabeul,125000.0,157.36478304742684,À Vendre,Tayara TN
Sousse,270000.0,157.36478304742684,À Vendre,Tayara TN
Nabeul,380000.0,157.36478304742684,À Vendre,Tayara TN
Ariana,245000.0,157.36478304742684,À Vendre,Tayara TN
Ariana,220000.0,157.36478304742684,À Vendre,Tayara TN
Tunis,187000.0,157.36478304742684,À Vendre,Tayara TN
Nabeul,390000.0,157.36478304742684,À Vendre,Tayara TN
Nabeul,118000.0,157.36478304742684,À Vendre,Tayara TN
Sousse,324000.0,157.36478304742684,À Vendre,Tayara TN
Sousse,350000.0,157.36478304742684,À Vendre,Tayara TN
Nabeul,220000.0,157.36478304742684,À Vendre,Tayara TN
Nabeul,90000.0,157.36478304742684,À Vendre,Tayara TN
Nabeul,100000.0,157.36478304742684,À Vendre,Tayara TN
Sousse,246000.0,157.36478304742684,À Vendre,Tayara TN
Ariana,225000.0,157.36478304742684,À Vendre,Tayara TN
Sousse,205000.0,157.36478304742684,À Vendre,Tayara TN
Ariana,175000.0,157.36478304742684,À Vendre,Tayara TN
Nabeul,235000.0,157.36478304742684,À Vendre,Tayara TN
Ariana,2200.0,157.36478304742684,À Vendre,Tayara TN
Banlieue Nord,165000.0,157.36478304742684,À Vendre,Tayara TN
Ariana,199000.0,157.36478304742684,À Vendre,Tayara TN
Nabeul,160000.0,157.36478304742684,À Vendre,Tayara TN
Ariana,75000.0,157.36478304742684,À Vendre,Tayara TN
Sousse,108000.0,157.36478304742684,À Vendre,Tayara TN
Nabeul,290000.0,157.36478304742684,À Vendre,Tayara TN
Nabeul,82000.0,157.36478304742684,À Vendre,Tayara TN
Ariana,370000.0,157.36478304742684,À Vendre,Tayara TN
Ariana,225000.0,157.36478304742684,À Vendre,Tayara TN
Nabeul,360.0,157.36478304742684,À Vendre,Tayara TN
Sousse,236000.0,157.36478304742684,À Vendre,Tayara TN
Nabeul,290000.0,157.36478304742684,À Vendre,Tayara TN
Ariana,170000.0,157.36478304742684,À Vendre,Tayara TN
Nabeul,230000.0,157.36478304742684,À Vendre,Tayara TN
Nabeul,290000.0,157.36478304742684,À Vendre,Tayara TN
Sousse,320000.0,157.36478304742684,À Vendre,Tayara TN
Sousse,260000.0,157.36478304742684,À Vendre,Tayara TN
Banlieue Nord,365000.0,157.36478304742684,À Vendre,Tayara TN
Ariana,196610.0,157.36478304742684,À Vendre,Tayara TN
Sousse,236000.0,157.36478304742684,À Vendre,Tayara TN
Sousse,105000.0,157.36478304742684,À Vendre,Tayara TN
Nabeul,45000.0,157.36478304742684,À Vendre,Tayara TN
Mannouba,140000.0,157.36478304742684,À Vendre,Tayara TN
Ben arous,140000.0,157.36478304742684,À Vendre,Tayara TN
Nabeul,155000.0,157.36478304742684,À Vendre,Tayara TN
Ariana,180000.0,157.36478304742684,À Vendre,Tayara TN
Nabeul,135000.0,157.36478304742684,À Vendre,Tayara TN
Nabeul,260000.0,157.36478304742684,À Vendre,Tayara TN
Ben arous,125.0,157.36478304742684,À Vendre,Tayara TN
Ariana,275.0,157.36478304742684,À Vendre,Tayara TN
Nabeul,220000.0,157.36478304742684,À Vendre,Tayara TN
Ben arous,85000.0,157.36478304742684,À Vendre,Tayara TN
Sousse,110000.0,157.36478304742684,À Vendre,Tayara TN
Nabeul,150000.0,157.36478304742684,À Vendre,Tayara TN
Nabeul,125000.0,157.36478304742684,À Vendre,Tayara TN
Ben arous,145000.0,157.36478304742684,À Vendre,Tayara TN
Nabeul,90000.0,157.36478304742684,À Vendre,Tayara TN
Ariana,170000.0,157.36478304742684,À Vendre,Tayara TN
Ariana,450000.0,157.36478304742684,À Vendre,Tayara TN
Sfax,80.0,157.36478304742684,À Vendre,Tayara TN
Sfax,80.0,157.36478304742684,À Vendre,Tayara TN
Ariana,99000.0,157.36478304742684,À Vendre,Tayara TN
Ariana,222000.0,157.36478304742684,À Vendre,Tayara TN
Ben arous,140000.0,157.36478304742684,À Vendre,Tayara TN
Bardo,132000.0,157.36478304742684,À Vendre,Tayara TN
Tunis,135000.0,157.36478304742684,À Vendre,Tayara TN
Tunis,120000.0,157.36478304742684,À Vendre,Tayara TN
Nabeul,85000.0,157.36478304742684,À Vendre,Tayara TN
Sousse,105000.0,157.36478304742684,À Vendre,Tayara TN
Tunis,96000.0,157.36478304742684,À Vendre,Tayara TN
Nabeul,50000.0,157.36478304742684,À Vendre,Tayara TN
Ben arous,189000.0,157.36478304742684,À Vendre,Tayara TN
Sousse,372000.0,157.36478304742684,À Vendre,Tayara TN
Ariana,420000.0,157.36478304742684,À Vendre,Tayara TN
Ariana,250000.0,157.36478304742684,À Vendre,Tayara TN
Nabeul,135000.0,157.36478304742684,À Vendre,Tayara TN
Sousse,165000.0,157.36478304742684,À Vendre,Tayara TN
Nabeul,245000.0,157.36478304742684,À Vendre,Tayara TN
Tunis,170.0,157.36478304742684,À Vendre,Tayara TN
Tunis,180000.0,157.36478304742684,À Vendre,Tayara TN
Tunis,1150000.0,157.36478304742684,À Vendre,Tayara TN
Nabeul,175000.0,157.36478304742684,À Vendre,Tayara TN
Banlieue Nord,720.0,157.36478304742684,À Vendre,Tayara TN
Nabeul,240000.0,157.36478304742684,À Vendre,Tayara TN
Nabeul,95000.0,157.36478304742684,À Vendre,Tayara TN
Nabeul,245000.0,157.36478304742684,À Vendre,Tayara TN
Mannouba,140000.0,157.36478304742684,À Vendre,Tayara TN
Ariana,520000.0,157.36478304742684,À Vendre,Tayara TN
Nabeul,135000.0,157.36478304742684,À Vendre,Tayara TN
Nabeul,200000.0,157.36478304742684,À Vendre,Tayara TN
Ariana,250000.0,157.36478304742684,À Vendre,Tayara TN
Ariana,725000.0,157.36478304742684,À Vendre,Tayara TN
Banlieue Nord,450000.0,157.36478304742684,À Vendre,Tayara TN
Nabeul,240000.0,157.36478304742684,À Vendre,Tayara TN
Ariana,450000.0,157.36478304742684,À Vendre,Tayara TN
Nabeul,240000.0,157.36478304742684,À Vendre,Tayara TN
Nabeul,125000.0,157.36478304742684,À Vendre,Tayara TN
Mannouba,75.0,157.36478304742684,À Vendre,Tayara TN
Ariana,120000.0,157.36478304742684,À Vendre,Tayara TN
Ariana,700000.0,157.36478304742684,À Vendre,Tayara TN
Nabeul,240000.0,157.36478304742684,À Vendre,Tayara TN
Ariana,190000.0,157.36478304742684,À Vendre,Tayara TN
Nabeul,205000.0,157.36478304742684,À Vendre,Tayara TN
Sousse,100000.0,157.36478304742684,À Vendre,Tayara TN
Sousse,45000.0,157.36478304742684,À Vendre,Tayara TN
Nabeul,185000.0,157.36478304742684,À Vendre,Tayara TN
Ben arous,105000.0,157.36478304742684,À Vendre,Tayara TN
Nabeul,220000.0,157.36478304742684,À Vendre,Tayara TN
Ariana,1950.0,157.36478304742684,À Vendre,Tayara TN
Nabeul,135000.0,157.36478304742684,À Vendre,Tayara TN
Ariana,153000.0,157.36478304742684,À Vendre,Tayara TN
Ariana,153000.0,157.36478304742684,À Vendre,Tayara TN
Sousse,225000.0,157.36478304742684,À Vendre,Tayara TN
Nabeul,185000.0,157.36478304742684,À Vendre,Tayara TN
Sousse,83000.0,157.36478304742684,À Vendre,Tayara TN
Nabeul,380000.0,157.36478304742684,À Vendre,Tayara TN
Tunis,55000000.0,157.36478304742684,À Vendre,Tayara TN
Banlieue Nord,320000.0,157.36478304742684,À Vendre,Tayara TN
Tunis,190.0,157.36478304742684,À Vendre,Tayara TN
Nabeul,118000.0,157.36478304742684,À Vendre,Tayara TN
Ariana,150000.0,157.36478304742684,À Vendre,Tayara TN
Ariana,435000.0,157.36478304742684,À Vendre,Tayara TN
Nabeul,150000.0,157.36478304742684,À Vendre,Tayara TN
Nabeul,155000.0,157.36478304742684,À Vendre,Tayara TN
Nabeul,800000.0,157.36478304742684,À Vendre,Tayara TN
Nabeul,205000.0,157.36478304742684,À Vendre,Tayara TN
Ariana,290.0,157.36478304742684,À Vendre,Tayara TN
Sousse,353000.0,157.36478304742684,À Vendre,Tayara TN
Ariana,177000.0,157.36478304742684,À Vendre,Tayara TN
Nabeul,75000.0,157.36478304742684,À Vendre,Tayara TN
Nabeul,245000.0,157.36478304742684,À Vendre,Tayara TN
Monastir,340000.0,157.36478304742684,À Vendre,Tayara TN
Ben arous,140000.0,157.36478304742684,À Vendre,Tayara TN
Monastir,120000.0,157.36478304742684,À Vendre,Tayara TN
Sfax,120.0,157.36478304742684,À Vendre,Tayara TN
Sfax,165000.0,157.36478304742684,À Vendre,Tayara TN
Nabeul,210000.0,157.36478304742684,À Vendre,Tayara TN
Ariana,177000.0,157.36478304742684,À Vendre,Tayara TN
Ariana,82929.0,157.36478304742684,À Vendre,Tayara TN
Sfax,80000.0,157.36478304742684,À Vendre,Tayara TN
Tunis,225000.0,157.36478304742684,À Vendre,Tayara TN
Ariana,235000.0,157.36478304742684,À Vendre,Tayara TN
Ariana,260000.0,157.36478304742684,À Vendre,Tayara TN
Nabeul,90000.0,157.36478304742684,À Vendre,Tayara TN
Ariana,175000.0,157.36478304742684,À Vendre,Tayara TN
Ariana,195000.0,157.36478304742684,À Vendre,Tayara TN
Ariana,120000.0,157.36478304742684,À Vendre,Tayara TN
Nabeul,148000.0,157.36478304742684,À Vendre,Tayara TN
Sousse,110000.0,157.36478304742684,À Vendre,Tayara TN
Nabeul,280000.0,157.36478304742684,À Vendre,Tayara TN
Ben arous,110000.0,157.36478304742684,À Vendre,Tayara TN
Ben arous,140000.0,157.36478304742684,À Vendre,Tayara TN
Nabeul,220000.0,157.36478304742684,À Vendre,Tayara TN
Ariana,675000.0,157.36478304742684,À Vendre,Tayara TN
Nabeul,380000.0,157.36478304742684,À Vendre,Tayara TN
Nabeul,70000.0,157.36478304742684,À Vendre,Tayara TN
Ariana,435000.0,157.36478304742684,À Vendre,Tayara TN
Ariana,1680.0,157.36478304742684,À Vendre,Tayara TN
Ariana,277200.0,157.36478304742684,À Vendre,Tayara TN
Nabeul,200000.0,157.36478304742684,À Vendre,Tayara TN
Nabeul,90000.0,157.36478304742684,À Vendre,Tayara TN
Ariana,119000.0,157.36478304742684,À Vendre,Tayara TN
Ariana,119000.0,157.36478304742684,À Vendre,Tayara TN
Nabeul,85000.0,157.36478304742684,À Vendre,Tayara TN
Ben arous,188000.0,157.36478304742684,À Vendre,Tayara TN
Nabeul,165000.0,157.36478304742684,À Vendre,Tayara TN
Sousse,127400.0,157.36478304742684,À Vendre,Tayara TN
Ben arous,250000.0,157.36478304742684,À Vendre,Tayara TN
Nabeul,450000.0,157.36478304742684,À Vendre,Tayara TN
Sousse,83000.0,157.36478304742684,À Vendre,Tayara TN
Ariana,98000.0,157.36478304742684,À Vendre,Tayara TN
Ben arous,130000.0,157.36478304742684,À Vendre,Tayara TN
Ariana,400000.0,157.36478304742684,À Vendre,Tayara TN
Sousse,250000.0,157.36478304742684,À Vendre,Tayara TN
Tunis,150000.0,157.36478304742684,À Vendre,Tayara TN
Ariana,155000000.0,157.36478304742684,À Vendre,Tayara TN
Tunis,97.0,157.36478304742684,À Vendre,Tayara TN
Sousse,170000.0,157.36478304742684,À Vendre,Tayara TN
Tunis,225000.0,157.36478304742684,À Vendre,Tayara TN
Nabeul,200000.0,157.36478304742684,À Vendre,Tayara TN
Ariana,1780.0,157.36478304742684,À Vendre,Tayara TN
Tunis,130000.0,157.36478304742684,À Vendre,Tayara TN
Nabeul,127200.0,157.36478304742684,À Vendre,Tayara TN
Nabeul,125000.0,157.36478304742684,À Vendre,Tayara TN
Ariana,235000.0,157.36478304742684,À Vendre,Tayara TN
Nabeul,175000.0,157.36478304742684,À Vendre,Tayara TN
Ariana,1950.0,157.36478304742684,À Vendre,Tayara TN
Ariana,155000000.0,157.36478304742684,À Vendre,Tayara TN
Ariana,170.0,157.36478304742684,À Vendre,Tayara TN
Nabeul,65000.0,157.36478304742684,À Vendre,Tayara TN
Ben arous,139000.0,157.36478304742684,À Vendre,Tayara TN
Ben arous,600.0,157.36478304742684,À Vendre,Tayara TN
Ariana,138000.0,157.36478304742684,À Vendre,Tayara TN
Tunis,150000.0,157.36478304742684,À Vendre,Tayara TN
Nabeul,200000.0,157.36478304742684,À Vendre,Tayara TN
Ariana,290.0,157.36478304742684,À Vendre,Tayara TN
Nabeul,250000.0,157.36478304742684,À Vendre,Tayara TN
Ariana,240000.0,157.36478304742684,À Vendre,Tayara TN
Tunis,290000.0,157.36478304742684,À Vendre,Tayara TN
Ben arous,122000.0,157.36478304742684,À Vendre,Tayara TN
Nabeul,235000.0,157.36478304742684,À Vendre,Tayara TN
Tunis,177000.0,157.36478304742684,À Vendre,Tayara TN
Nabeul,160000.0,157.36478304742684,À Vendre,Tayara TN
Sousse,215000.0,157.36478304742684,À Vendre,Tayara TN
Nabeul,210000.0,157.36478304742684,À Vendre,Tayara TN
Bardo,128000.0,157.36478304742684,À Vendre,Tayara TN
Ben arous,148000.0,157.36478304742684,À Vendre,Tayara TN
Ariana,135000.0,157.36478304742684,À Vendre,Tayara TN
Ariana,248000.0,157.36478304742684,À Vendre,Tayara TN
Ariana,108000.0,157.36478304742684,À Vendre,Tayara TN
Nabeul,115000.0,157.36478304742684,À Vendre,Tayara TN
Nabeul,135000.0,157.36478304742684,À Vendre,Tayara TN
Beja,94.0,157.36478304742684,À Vendre,Tayara TN
Nabeul,228000.0,157.36478304742684,À Vendre,Tayara TN
Ariana,75000.0,157.36478304742684,À Vendre,Tayara TN
Sousse,210000.0,157.36478304742684,À Vendre,Tayara TN
Tunis,130000.0,157.36478304742684,À Vendre,Tayara TN
Sousse,127400.0,157.36478304742684,À Vendre,Tayara TN
Ariana,230000.0,157.36478304742684,À Vendre,Tayara TN
Sousse,135000.0,157.36478304742684,À Vendre,Tayara TN
Bardo,120000.0,157.36478304742684,À Vendre,Tayara TN
Tunis,300000.0,157.36478304742684,À Vendre,Tayara TN
Nabeul,75000.0,157.36478304742684,À Vendre,Tayara TN
Ariana,2500.0,157.36478304742684,À Vendre,Tayara TN
Nabeul,380000.0,157.36478304742684,À Vendre,Tayara TN
Sousse,90000.0,157.36478304742684,À Vendre,Tayara TN
Sousse,165000.0,157.36478304742684,À Vendre,Tayara TN
Nabeul,175000.0,157.36478304742684,À Vendre,Tayara TN
Nabeul,230000.0,157.36478304742684,À Vendre,Tayara TN
Ariana,170000.0,157.36478304742684,À Vendre,Tayara TN
Nabeul,120000.0,157.36478304742684,À Vendre,Tayara TN
Nabeul,50000.0,157.36478304742684,À Vendre,Tayara TN
Sousse,170000.0,157.36478304742684,À Vendre,Tayara TN
Mannouba,250000.0,157.36478304742684,À Vendre,Tayara TN
Nabeul,257000.0,157.36478304742684,À Vendre,Tayara TN
Jendouba,1.0,157.36478304742684,À Vendre,Tayara TN
Sousse,285600.0,157.36478304742684,À Vendre,Tayara TN
Ben arous,75000.0,157.36478304742684,À Vendre,Tayara TN
Ariana,75000.0,157.36478304742684,À Vendre,Tayara TN
Nabeul,185000.0,157.36478304742684,À Vendre,Tayara TN
Nabeul,135000.0,157.36478304742684,À Vendre,Tayara TN
Nabeul,230000.0,157.36478304742684,À Vendre,Tayara TN
Nabeul,125000.0,157.36478304742684,À Vendre,Tayara TN
Sousse,311000.0,157.36478304742684,À Vendre,Tayara TN
Sousse,1450.0,157.36478304742684,À Vendre,Tayara TN
Nabeul,130000.0,157.36478304742684,À Vendre,Tayara TN
Nabeul,150000000.0,157.36478304742684,À Vendre,Tayara TN
Ariana,1600000.0,157.36478304742684,À Vendre,Tayara TN
Ariana,365000.0,157.36478304742684,À Vendre,Tayara TN
Nabeul,285000.0,157.36478304742684,À Vendre,Tayara TN
Nabeul,220000.0,157.36478304742684,À Vendre,Tayara TN
Nabeul,185000.0,157.36478304742684,À Vendre,Tayara TN
Tunis,140.0,157.36478304742684,À Vendre,Tayara TN
Sousse,3000000.0,157.36478304742684,À Vendre,Tayara TN
Nabeul,130000.0,157.36478304742684,À Vendre,Tayara TN
Nabeul,750000.0,157.36478304742684,À Vendre,Tayara TN
Tunis,100000.0,157.36478304742684,À Vendre,Tayara TN
Nabeul,280000.0,157.36478304742684,À Vendre,Tayara TN
Nabeul,210000.0,157.36478304742684,À Vendre,Tayara TN
Ariana,248000.0,157.36478304742684,À Vendre,Tayara TN
Nabeul,340000.0,157.36478304742684,À Vendre,Tayara TN
Nabeul,255000.0,157.36478304742684,À Vendre,Tayara TN
Ariana,220000.0,157.36478304742684,À Vendre,Tayara TN
Ariana,170000.0,157.36478304742684,À Vendre,Tayara TN
Nabeul,220000.0,157.36478304742684,À Vendre,Tayara TN
Banlieue Nord,740000.0,157.36478304742684,À Vendre,Tayara TN
Nabeul,330000.0,157.36478304742684,À Vendre,Tayara TN
Bizerte,150000.0,157.36478304742684,À Vendre,Tayara TN
Mannouba,100.0,157.36478304742684,À Vendre,Tayara TN
Ben arous,140000.0,157.36478304742684,À Vendre,Tayara TN
Banlieue Nord,700.0,157.36478304742684,À Vendre,Tayara TN
Sousse,340000.0,157.36478304742684,À Vendre,Tayara TN
Tunis,130000.0,157.36478304742684,À Vendre,Tayara TN
Nabeul,140000.0,157.36478304742684,À Vendre,Tayara TN
Ben arous,234000.0,157.36478304742684,À Vendre,Tayara TN
Ariana,2100.0,157.36478304742684,À Vendre,Tayara TN
Nabeul,90000.0,157.36478304742684,À Vendre,Tayara TN
Nabeul,450000.0,157.36478304742684,À Vendre,Tayara TN
Sousse,130000.0,157.36478304742684,À Vendre,Tayara TN
Nabeul,215000.0,157.36478304742684,À Vendre,Tayara TN
Nabeul,215000.0,157.36478304742684,À Vendre,Tayara TN
Ben arous,187000.0,157.36478304742684,À Vendre,Tayara TN
Nabeul,150000.0,157.36478304742684,À Vendre,Tayara TN
Nabeul,300000.0,157.36478304742684,À Vendre,Tayara TN
Ariana,183000.0,157.36478304742684,À Vendre,Tayara TN
Ariana,125.0,157.36478304742684,À Vendre,Tayara TN
Nabeul,50000.0,157.36478304742684,À Vendre,Tayara TN
Nabeul,625000.0,157.36478304742684,À Vendre,Tayara TN
Nabeul,50000.0,157.36478304742684,À Vendre,Tayara TN
Nabeul,255000.0,157.36478304742684,À Vendre,Tayara TN
Ariana,260000.0,157.36478304742684,À Vendre,Tayara TN
Nabeul,105000.0,157.36478304742684,À Vendre,Tayara TN
Ariana,165000.0,157.36478304742684,À Vendre,Tayara TN
Nabeul,120000.0,157.36478304742684,À Vendre,Tayara TN
Nabeul,95000.0,157.36478304742684,À Vendre,Tayara TN
Ariana,108000.0,157.36478304742684,À Vendre,Tayara TN
Nabeul,140000.0,157.36478304742684,À Vendre,Tayara TN
Nabeul,580000.0,157.36478304742684,À Vendre,Tayara TN
Ariana,275000.0,157.36478304742684,À Vendre,Tayara TN
Nabeul,150000.0,157.36478304742684,À Vendre,Tayara TN
Sousse,100.0,157.36478304742684,À Vendre,Tayara TN
Ariana,160000.0,157.36478304742684,À Vendre,Tayara TN
Ariana,2400.0,157.36478304742684,À Vendre,Tayara TN
Nabeul,82000.0,157.36478304742684,À Vendre,Tayara TN
Sousse,96000.0,157.36478304742684,À Vendre,Tayara TN
Banlieue Nord,740000.0,157.36478304742684,À Vendre,Tayara TN
Ariana,200000.0,157.36478304742684,À Vendre,Tayara TN
Ariana,185000.0,157.36478304742684,À Vendre,Tayara TN
Nabeul,50000.0,157.36478304742684,À Vendre,Tayara TN
Sousse,270000.0,157.36478304742684,À Vendre,Tayara TN
Nabeul,82000.0,157.36478304742684,À Vendre,Tayara TN
Sousse,120000.0,157.36478304742684,À Vendre,Tayara TN
Tunis,135000.0,157.36478304742684,À Vendre,Tayara TN
Ben arous,750.0,157.36478304742684,À Vendre,Tayara TN
Ariana,2300.0,157.36478304742684,À Vendre,Tayara TN
Nabeul,175000.0,157.36478304742684,À Vendre,Tayara TN
Ben arous,110000.0,157.36478304742684,À Vendre,Tayara TN
Sousse,139000.0,157.36478304742684,À Vendre,Tayara TN
Nabeul,95000.0,157.36478304742684,À Vendre,Tayara TN
Banlieue Nord,250000.0,157.36478304742684,À Vendre,Tayara TN
Ben arous,400000.0,157.36478304742684,À Vendre,Tayara TN
Nabeul,230000.0,157.36478304742684,À Vendre,Tayara TN
Sousse,160000.0,157.36478304742684,À Vendre,Tayara TN
Nabeul,275800.0,157.36478304742684,À Vendre,Tayara TN
Banlieue Nord,1050000.0,157.36478304742684,À Vendre,Tayara TN
Ariana,130000.0,157.36478304742684,À Vendre,Tayara TN
Mannouba,240000.0,157.36478304742684,À Vendre,Tayara TN
Sousse,285000.0,157.36478304742684,À Vendre,Tayara TN
Nabeul,210000.0,157.36478304742684,À Vendre,Tayara TN
Nabeul,230000.0,157.36478304742684,À Vendre,Tayara TN
Tunis,895000.0,157.36478304742684,À Vendre,Tayara TN
Sousse,380000.0,157.36478304742684,À Vendre,Tayara TN
Zaghouan,90.0,157.36478304742684,À Vendre,Tayara TN
Nabeul,625000.0,157.36478304742684,À Vendre,Tayara TN
Kairouan,95000.0,157.36478304742684,À Vendre,Tayara TN
Nabeul,250000.0,157.36478304742684,À Vendre,Tayara TN
Nabeul,175000.0,157.36478304742684,À Vendre,Tayara TN
Nabeul,95000.0,157.36478304742684,À Vendre,Tayara TN
Ariana,149000.0,157.36478304742684,À Vendre,Tayara TN
Ben arous,126000.0,157.36478304742684,À Vendre,Tayara TN
Tunis,300000.0,157.36478304742684,À Vendre,Tayara TN
Sousse,410000.0,157.36478304742684,À Vendre,Tayara TN
Nabeul,145000.0,157.36478304742684,À Vendre,Tayara TN
Bizerte,120000.0,157.36478304742684,À Vendre,Tayara TN
Tunis,240000.0,157.36478304742684,À Vendre,Tayara TN
Nabeul,205000.0,157.36478304742684,À Vendre,Tayara TN
Nabeul,150.0,157.36478304742684,À Vendre,Tayara TN
Nabeul,95000.0,157.36478304742684,À Vendre,Tayara TN
Tunis,80.0,157.36478304742684,À Vendre,Tayara TN
Ben arous,185000.0,157.36478304742684,À Vendre,Tayara TN
Nabeul,60000.0,157.36478304742684,À Vendre,Tayara TN
Sousse,130.0,157.36478304742684,À Vendre,Tayara TN
Ariana,125000.0,157.36478304742684,À Vendre,Tayara TN
Banlieue Nord,590000.0,157.36478304742684,À Vendre,Tayara TN
Nabeul,55000.0,157.36478304742684,À Vendre,Tayara TN
Ariana,199000.0,157.36478304742684,À Vendre,Tayara TN
Tunis,180000.0,157.36478304742684,À Vendre,Tayara TN
Nabeul,90000.0,157.36478304742684,À Vendre,Tayara TN
Ben arous,207000.0,157.36478304742684,À Vendre,Tayara TN
Nabeul,165000.0,157.36478304742684,À Vendre,Tayara TN
Nabeul,175000.0,157.36478304742684,À Vendre,Tayara TN
Sousse,285000.0,157.36478304742684,À Vendre,Tayara TN
Bardo,90.0,157.36478304742684,À Vendre,Tayara TN
Ariana,460000.0,157.36478304742684,À Vendre,Tayara TN
Nabeul,227000.0,157.36478304742684,À Vendre,Tayara TN
Nabeul,130000.0,157.36478304742684,À Vendre,Tayara TN
Sousse,275000.0,157.36478304742684,À Vendre,Tayara TN
Kairouan,95000.0,157.36478304742684,À Vendre,Tayara TN
Nabeul,90000.0,157.36478304742684,À Vendre,Tayara TN
Nabeul,330000.0,157.36478304742684,À Vendre,Tayara TN
Sousse,235000.0,157.36478304742684,À Vendre,Tayara TN
Ariana,270000.0,157.36478304742684,À Vendre,Tayara TN
Tunis,930000.0,157.36478304742684,À Vendre,Tayara TN
Ariana,215000.0,157.36478304742684,À Vendre,Tayara TN
Nabeul,339000.0,157.36478304742684,À Vendre,Tayara TN
Nabeul,150000.0,157.36478304742684,À Vendre,Tayara TN
Sousse,360000.0,157.36478304742684,À Vendre,Tayara TN
Ben arous,243000.0,157.36478304742684,À Vendre,Tayara TN
Banlieue Nord,210000.0,157.36478304742684,À Vendre,Tayara TN
Nabeul,170000.0,157.36478304742684,À Vendre,Tayara TN
Nabeul,140000.0,157.36478304742684,À Vendre,Tayara TN
Tunis,75.0,157.36478304742684,À Vendre,Tayara TN
Nabeul,240000.0,157.36478304742684,À Vendre,Tayara TN
Nabeul,215000.0,157.36478304742684,À Vendre,Tayara TN
Nabeul,125000.0,157.36478304742684,À Vendre,Tayara TN
Ariana,225000.0,157.36478304742684,À Vendre,Tayara TN
Nabeul,280000.0,157.36478304742684,À Vendre,Tayara TN
Tunis,70.0,157.36478304742684,À Vendre,Tayara TN
Bardo,90.0,157.36478304742684,À Vendre,Tayara TN
Sousse,185000.0,157.36478304742684,À Vendre,Tayara TN
Ben arous,160.0,157.36478304742684,À Vendre,Tayara TN
Nabeul,150000.0,157.36478304742684,À Vendre,Tayara TN
Sousse,365000.0,157.36478304742684,À Vendre,Tayara TN
Ariana,200.0,157.36478304742684,À Vendre,Tayara TN
Ben arous,187000.0,157.36478304742684,À Vendre,Tayara TN
Ariana,220000.0,157.36478304742684,À Vendre,Tayara TN
Ariana,230000.0,157.36478304742684,À Vendre,Tayara TN
Nabeul,220000.0,157.36478304742684,À Vendre,Tayara TN
Ben arous,150000.0,157.36478304742684,À Vendre,Tayara TN
Nabeul,240000.0,157.36478304742684,À Vendre,Tayara TN
Tunis,1000000.0,157.36478304742684,À Vendre,Tayara TN
Sousse,210000.0,157.36478304742684,À Vendre,Tayara TN
Mannouba,110.0,157.36478304742684,À Vendre,Tayara TN
Nabeul,185000.0,157.36478304742684,À Vendre,Tayara TN
Ariana,215000.0,157.36478304742684,À Vendre,Tayara TN
Monastir,1.0,157.36478304742684,À Vendre,Tayara TN
Ariana,130000.0,157.36478304742684,À Vendre,Tayara TN
Sousse,280000.0,157.36478304742684,À Vendre,Tayara TN
Nabeul,260000.0,157.36478304742684,À Vendre,Tayara TN
Monastir,69000.0,157.36478304742684,À Vendre,Tayara TN
Ben arous,90000.0,157.36478304742684,À Vendre,Tayara TN
Nabeul,220000.0,157.36478304742684,À Vendre,Tayara TN
Nabeul,135000.0,157.36478304742684,À Vendre,Tayara TN
Tunis,170.0,157.36478304742684,À Vendre,Tayara TN
Ariana,260000.0,157.36478304742684,À Vendre,Tayara TN
Sousse,200000.0,157.36478304742684,À Vendre,Tayara TN
Nabeul,290000.0,157.36478304742684,À Vendre,Tayara TN
Sousse,700.0,157.36478304742684,À Vendre,Tayara TN
Monastir,1.0,157.36478304742684,À Vendre,Tayara TN
Ben arous,148000.0,157.36478304742684,À Vendre,Tayara TN
Ben arous,98000.0,157.36478304742684,À Vendre,Tayara TN
Nabeul,220000.0,157.36478304742684,À Vendre,Tayara TN
Nabeul,210000.0,157.36478304742684,À Vendre,Tayara TN
Sousse,130000.0,157.36478304742684,À Vendre,Tayara TN
Ariana,130000.0,157.36478304742684,À Vendre,Tayara TN
Ariana,160000.0,157.36478304742684,À Vendre,Tayara TN
Nabeul,155000.0,157.36478304742684,À Vendre,Tayara TN
Nabeul,125000.0,157.36478304742684,À Vendre,Tayara TN
Ben arous,160000.0,157.36478304742684,À Vendre,Tayara TN
Nabeul,295000.0,157.36478304742684,À Vendre,Tayara TN
Nabeul,225000.0,157.36478304742684,À Vendre,Tayara TN
Ben arous,159000.0,157.36478304742684,À Vendre,Tayara TN
Nabeul,135000.0,157.36478304742684,À Vendre,Tayara TN
Nabeul,235000.0,157.36478304742684,À Vendre,Tayara TN
Ariana,365000.0,157.36478304742684,À Vendre,Tayara TN
Tunis,364000.0,157.36478304742684,À Vendre,Tayara TN
Sfax,170.0,157.36478304742684,À Vendre,Tayara TN
Ariana,145000.0,157.36478304742684,À Vendre,Tayara TN
Sousse,120000.0,157.36478304742684,À Vendre,Tayara TN
Ariana,2200.0,157.36478304742684,À Vendre,Tayara TN
Sousse,90000.0,157.36478304742684,À Vendre,Tayara TN
Ariana,185000.0,157.36478304742684,À Vendre,Tayara TN
Ariana,250000.0,157.36478304742684,À Vendre,Tayara TN
Ben arous,135000.0,157.36478304742684,À Vendre,Tayara TN
Banlieue Nord,315000.0,157.36478304742684,À Vendre,Tayara TN
Nabeul,312700.0,157.36478304742684,À Vendre,Tayara TN
Nabeul,260000.0,157.36478304742684,À Vendre,Tayara TN
Banlieue Nord,245000.0,157.36478304742684,À Vendre,Tayara TN
Ben arous,250000.0,157.36478304742684,À Vendre,Tayara TN
Nabeul,185000.0,157.36478304742684,À Vendre,Tayara TN
Ariana,350000.0,157.36478304742684,À Vendre,Tayara TN
Nabeul,90000.0,157.36478304742684,À Vendre,Tayara TN
Nabeul,120000.0,157.36478304742684,À Vendre,Tayara TN
Nabeul,50000.0,157.36478304742684,À Vendre,Tayara TN
Mannouba,185000.0,157.36478304742684,À Vendre,Tayara TN
Nabeul,265000.0,157.36478304742684,À Vendre,Tayara TN
Monastir,95000.0,157.36478304742684,À Vendre,Tayara TN
Sousse,430000.0,157.36478304742684,À Vendre,Tayara TN
Ariana,265000.0,157.36478304742684,À Vendre,Tayara TN
Ariana,183000.0,157.36478304742684,À Vendre,Tayara TN
Sousse,150000.0,157.36478304742684,À Vendre,Tayara TN
Tunis,270000.0,157.36478304742684,À Vendre,Tayara TN
Sousse,228000.0,157.36478304742684,À Vendre,Tayara TN
Nabeul,175000.0,157.36478304742684,À Vendre,Tayara TN
Ariana,300000.0,157.36478304742684,À Vendre,Tayara TN
Nabeul,285000.0,157.36478304742684,À Vendre,Tayara TN
Nabeul,220000.0,157.36478304742684,À Vendre,Tayara TN
Nabeul,350000.0,157.36478304742684,À Vendre,Tayara TN
Tunis,130000.0,157.36478304742684,À Vendre,Tayara TN
Ben arous,130000.0,157.36478304742684,À Vendre,Tayara TN
Nabeul,75000.0,157.36478304742684,À Vendre,Tayara TN
Nabeul,75000.0,157.36478304742684,À Vendre,Tayara TN
Ben arous,115.0,157.36478304742684,À Vendre,Tayara TN
Ben arous,130000.0,157.36478304742684,À Vendre,Tayara TN
Ben arous,86940.0,157.36478304742684,À Vendre,Tayara TN
Sousse,248000.0,157.36478304742684,À Vendre,Tayara TN
Banlieue Nord,460.0,157.36478304742684,À Vendre,Tayara TN
Ariana,500000.0,157.36478304742684,À Vendre,Tayara TN
Nabeul,280.0,157.36478304742684,À Vendre,Tayara TN
Sousse,2500000.0,157.36478304742684,À Vendre,Tayara TN
Ariana,350000.0,157.36478304742684,À Vendre,Tayara TN
Ariana,119000.0,157.36478304742684,À Vendre,Tayara TN
Sousse,400000.0,157.36478304742684,À Vendre,Tayara TN
Tunis,430000.0,157.36478304742684,À Vendre,Tayara TN
Tunis,128000.0,157.36478304742684,À Vendre,Tayara TN
Sousse,89000.0,157.36478304742684,À Vendre,Tayara TN
Ariana,225000.0,157.36478304742684,À Vendre,Tayara TN
Ariana,269000.0,157.36478304742684,À Vendre,Tayara TN
Nabeul,130000.0,157.36478304742684,À Vendre,Tayara TN
Nabeul,127200.0,157.36478304742684,À Vendre,Tayara TN
Nabeul,495000.0,157.36478304742684,À Vendre,Tayara TN
Tunis,350000.0,157.36478304742684,À Vendre,Tayara TN
Banlieue Nord,490000.0,157.36478304742684,À Vendre,Tayara TN
Ariana,220000.0,157.36478304742684,À Vendre,Tayara TN
Tunis,90000.0,157.36478304742684,À Vendre,Tayara TN
Nabeul,155000.0,157.36478304742684,À Vendre,Tayara TN
Ben arous,86940.0,157.36478304742684,À Vendre,Tayara TN
Sfax,90.0,157.36478304742684,À Vendre,Tayara TN
Nabeul,125000.0,157.36478304742684,À Vendre,Tayara TN
Tunis,1150000.0,157.36478304742684,À Vendre,Tayara TN
Nabeul,500000.0,157.36478304742684,À Vendre,Tayara TN
Ben arous,250000.0,157.36478304742684,À Vendre,Tayara TN
Ben arous,230.0,157.36478304742684,À Vendre,Tayara TN
Ariana,170000.0,157.36478304742684,À Vendre,Tayara TN
Jendouba,95.0,157.36478304742684,À Vendre,Tayara TN
Ariana,119000.0,157.36478304742684,À Vendre,Tayara TN
Nabeul,90000.0,157.36478304742684,À Vendre,Tayara TN
Nabeul,185000.0,157.36478304742684,À Vendre,Tayara TN
Nabeul,280000.0,157.36478304742684,À Vendre,Tayara TN
Sousse,175000.0,157.36478304742684,À Vendre,Tayara TN
Sousse,128000.0,157.36478304742684,À Vendre,Tayara TN
Ariana,140000.0,157.36478304742684,À Vendre,Tayara TN
Sousse,178000.0,157.36478304742684,À Vendre,Tayara TN
Ariana,85000.0,157.36478304742684,À Vendre,Tayara TN
Ben arous,120000.0,157.36478304742684,À Vendre,Tayara TN
Nabeul,90000.0,157.36478304742684,À Vendre,Tayara TN
Ariana,120000.0,157.36478304742684,À Vendre,Tayara TN
Ben arous,185000.0,157.36478304742684,À Vendre,Tayara TN
Sousse,160000.0,157.36478304742684,À Vendre,Tayara TN
Tunis,70.0,157.36478304742684,À Vendre,Tayara TN
Tunis,60000.0,157.36478304742684,À Vendre,Tayara TN
Nabeul,160000.0,157.36478304742684,À Vendre,Tayara TN
Sousse,165000.0,157.36478304742684,À Vendre,Tayara TN
Bizerte,330.0,157.36478304742684,À Vendre,Tayara TN
Nabeul,155000.0,157.36478304742684,À Vendre,Tayara TN
Sousse,125000.0,157.36478304742684,À Vendre,Tayara TN
Nabeul,260000.0,157.36478304742684,À Vendre,Tayara TN
Nabeul,285000.0,157.36478304742684,À Vendre,Tayara TN
Ariana,170000.0,157.36478304742684,À Vendre,Tayara TN
Banlieue Nord,620000.0,157.36478304742684,À Vendre,Tayara TN
Ariana,2500.0,157.36478304742684,À Vendre,Tayara TN
Nabeul,49.0,157.36478304742684,À Vendre,Tayara TN
Nabeul,350000.0,157.36478304742684,À Vendre,Tayara TN
Sousse,280000.0,157.36478304742684,À Vendre,Tayara TN
Ben arous,145000.0,157.36478304742684,À Vendre,Tayara TN
Sousse,255000.0,157.36478304742684,À Vendre,Tayara TN
Ariana,120000.0,157.36478304742684,À Vendre,Tayara TN
Monastir,295000.0,157.36478304742684,À Vendre,Tayara TN
Tunis,110000.0,157.36478304742684,À Vendre,Tayara TN
Banlieue Nord,300000.0,157.36478304742684,À Vendre,Tayara TN
Nabeul,75000.0,157.36478304742684,À Vendre,Tayara TN
Nabeul,420000.0,157.36478304742684,À Vendre,Tayara TN
Tunis,150.0,157.36478304742684,À Vendre,Tayara TN
Ariana,235000.0,157.36478304742684,À Vendre,Tayara TN
Sousse,107000.0,157.36478304742684,À Vendre,Tayara TN
Nabeul,175000.0,157.36478304742684,À Vendre,Tayara TN
Ariana,295.0,157.36478304742684,À Vendre,Tayara TN
Tunis,150.0,157.36478304742684,À Vendre,Tayara TN
Tunis,75000.0,157.36478304742684,À Vendre,Tayara TN
Ben arous,195000.0,157.36478304742684,À Vendre,Tayara TN
Nabeul,195000.0,157.36478304742684,À Vendre,Tayara TN
Nabeul,200000.0,157.36478304742684,À Vendre,Tayara TN
Sfax,320.0,157.36478304742684,À Vendre,Tayara TN
Nabeul,160000.0,157.36478304742684,À Vendre,Tayara TN
Banlieue Nord,350000.0,157.36478304742684,À Vendre,Tayara TN
Ariana,150.0,157.36478304742684,À Vendre,Tayara TN
Bizerte,140000.0,157.36478304742684,À Vendre,Tayara TN
Mahdia,79500.0,157.36478304742684,À Vendre,Tayara TN
Nabeul,420000.0,157.36478304742684,À Vendre,Tayara TN
Sousse,220000.0,157.36478304742684,À Vendre,Tayara TN
Sousse,98000.0,157.36478304742684,À Vendre,Tayara TN
Nabeul,90000.0,157.36478304742684,À Vendre,Tayara TN
Nabeul,95000.0,157.36478304742684,À Vendre,Tayara TN
Nabeul,285000.0,157.36478304742684,À Vendre,Tayara TN
Tunis,220000.0,157.36478304742684,À Vendre,Tayara TN
Sfax,90000.0,157.36478304742684,À Vendre,Tayara TN
Sfax,110000.0,157.36478304742684,À Vendre,Tayara TN
Nabeul,75000.0,157.36478304742684,À Vendre,Tayara TN
Monastir,122000.0,157.36478304742684,À Vendre,Tayara TN
Nabeul,75000.0,157.36478304742684,À Vendre,Tayara TN
Nabeul,220000.0,157.36478304742684,À Vendre,Tayara TN
Ariana,2300.0,157.36478304742684,À Vendre,Tayara TN
Nabeul,20000.0,157.36478304742684,À Vendre,Tayara TN
Nabeul,95000.0,157.36478304742684,À Vendre,Tayara TN
Ariana,300000.0,157.36478304742684,À Vendre,Tayara TN
Ben arous,130000.0,157.36478304742684,À Vendre,Tayara TN
Sousse,370000.0,157.36478304742684,À Vendre,Tayara TN
Ariana,260000.0,157.36478304742684,À Vendre,Tayara TN
Sousse,140000.0,157.36478304742684,À Vendre,Tayara TN
Ariana,310000.0,157.36478304742684,À Vendre,Tayara TN
Nabeul,185000.0,157.36478304742684,À Vendre,Tayara TN
Nabeul,120000.0,157.36478304742684,À Vendre,Tayara TN
Banlieue Nord,620000.0,157.36478304742684,À Vendre,Tayara TN
Sousse,570000.0,157.36478304742684,À Vendre,Tayara TN
Nabeul,250000.0,157.36478304742684,À Vendre,Tayara TN
Nabeul,250000.0,157.36478304742684,À Vendre,Tayara TN
Nabeul,285000.0,157.36478304742684,À Vendre,Tayara TN
Tunis,160.0,157.36478304742684,À Vendre,Tayara TN
Ariana,250000.0,157.36478304742684,À Vendre,Tayara TN
Tunis,90.0,157.36478304742684,À Vendre,Tayara TN
Sousse,220000.0,157.36478304742684,À Vendre,Tayara TN
Ben arous,103000.0,157.36478304742684,À Vendre,Tayara TN
Sousse,125000.0,157.36478304742684,À Vendre,Tayara TN
Nabeul,75000.0,157.36478304742684,À Vendre,Tayara TN
Nabeul,380000.0,157.36478304742684,À Vendre,Tayara TN
Nabeul,120000.0,157.36478304742684,À Vendre,Tayara TN
Ben arous,120000.0,157.36478304742684,À Vendre,Tayara TN
Tunis,315000.0,157.36478304742684,À Vendre,Tayara TN
Ariana,95000.0,157.36478304742684,À Vendre,Tayara TN
Ben arous,140000.0,157.36478304742684,À Vendre,Tayara TN
Ariana,185000.0,157.36478304742684,À Vendre,Tayara TN
Nabeul,370000.0,157.36478304742684,À Vendre,Tayara TN
Nabeul,180000.0,157.36478304742684,À Vendre,Tayara TN
Ben arous,190000.0,157.36478304742684,À Vendre,Tayara TN
Nabeul,230000.0,157.36478304742684,À Vendre,Tayara TN
Ben arous,120000.0,157.36478304742684,À Vendre,Tayara TN
Nabeul,90000.0,157.36478304742684,À Vendre,Tayara TN
Nabeul,155000.0,157.36478304742684,À Vendre,Tayara TN
Nabeul,200000.0,157.36478304742684,À Vendre,Tayara TN
Sousse,170000.0,157.36478304742684,À Vendre,Tayara TN
Ben arous,255.0,157.36478304742684,À Vendre,Tayara TN
Gabes,250.0,157.36478304742684,À Vendre,Tayara TN
Ben arous,140000.0,157.36478304742684,À Vendre,Tayara TN
Ariana,310000.0,157.36478304742684,À Vendre,Tayara TN
Ariana,140.0,157.36478304742684,À Vendre,Tayara TN
Ariana,270000.0,157.36478304742684,À Vendre,Tayara TN
Ariana,250000.0,157.36478304742684,À Vendre,Tayara TN
Nabeul,175000.0,157.36478304742684,À Vendre,Tayara TN
Ariana,145000.0,157.36478304742684,À Vendre,Tayara TN
Ben arous,250000.0,157.36478304742684,À Vendre,Tayara TN
Sousse,210000.0,157.36478304742684,À Vendre,Tayara TN
Ben arous,110000.0,157.36478304742684,À Vendre,Tayara TN
Nabeul,210000.0,157.36478304742684,À Vendre,Tayara TN
Ben arous,140000.0,157.36478304742684,À Vendre,Tayara TN
Ben arous,120000.0,157.36478304742684,À Vendre,Tayara TN
Ben arous,137000.0,157.36478304742684,À Vendre,Tayara TN
Ariana,220000.0,157.36478304742684,À Vendre,Tayara TN
Sousse,375000.0,157.36478304742684,À Vendre,Tayara TN
Nabeul,135000.0,157.36478304742684,À Vendre,Tayara TN
Sfax,60000000.0,157.36478304742684,À Vendre,Tayara TN
Tunis,350000.0,157.36478304742684,À Vendre,Tayara TN
Nabeul,250000.0,157.36478304742684,À Vendre,Tayara TN
Nabeul,175000.0,157.36478304742684,À Vendre,Tayara TN
Tunis,330000.0,157.36478304742684,À Vendre,Tayara TN
Sousse,280000.0,157.36478304742684,À Vendre,Tayara TN
Ariana,153000.0,157.36478304742684,À Vendre,Tayara TN
Ariana,170000.0,157.36478304742684,À Vendre,Tayara TN
Ben arous,130000.0,157.36478304742684,À Vendre,Tayara TN
Nabeul,185000.0,157.36478304742684,À Vendre,Tayara TN
Nabeul,200.0,157.36478304742684,À Vendre,Tayara TN
Nabeul,240000.0,157.36478304742684,À Vendre,Tayara TN
Tunis,190000.0,157.36478304742684,À Vendre,Tayara TN
Nabeul,295000.0,157.36478304742684,À Vendre,Tayara TN
Nabeul,150000.0,157.36478304742684,À Vendre,Tayara TN
Ben arous,290000.0,157.36478304742684,À Vendre,Tayara TN
Ben arous,187000.0,157.36478304742684,À Vendre,Tayara TN
